w1,w2,w3,tau,seed_model,acc_t1,acc_t2,acc_t3,gain,r_norm,delta_norm
0.0,0.1,1.0,1.0,0,0.62,0.44,0.625,0.0050000000000000044,2.903341991135295,2.1449121921148464
0.0,0.1,1.0,1.0,1,0.745,0.76,0.78,0.03500000000000003,3.101263893684327,1.7842731869261086
0.0,0.1,1.0,1.0,2,0.605,0.685,0.71,0.10499999999999998,3.1406145526017197,2.0110483033261386
0.0,0.1,1.0,1.0,3,0.6,0.525,0.67,0.07000000000000006,3.12558808751955,1.863831086264754
0.0,0.1,1.0,1.0,4,0.69,0.645,0.77,0.08000000000000007,3.4397999042021774,1.938254536742622
0.0,0.1,1.0,1.0,5,0.63,0.625,0.69,0.05999999999999994,2.3935105978375897,1.2100869414009192
0.0,0.1,1.0,1.0,6,0.62,0.6,0.625,0.0050000000000000044,2.3473223666290473,0.7872983070109703
0.0,0.1,1.0,1.0,7,0.66,0.65,0.655,-0.0050000000000000044,2.400471985089179,0.8811965072524203
0.0,0.1,1.0,1.0,8,0.47,0.57,0.605,0.135,2.9417573970066484,1.6451025936572574
0.0,0.1,1.0,1.0,9,0.68,0.71,0.73,0.04999999999999993,2.6116489848351487,1.426948473946023
0.0,0.1,1.0,1.5,0,0.695,0.725,0.72,0.025000000000000022,2.4239243879259376,1.0610594534927156
0.0,0.1,1.0,1.5,1,0.735,0.785,0.805,0.07000000000000006,2.679042577187925,1.4615158693741863
0.0,0.1,1.0,1.5,2,0.62,0.7,0.705,0.08499999999999996,2.8281353234792714,1.8442206723281442
0.0,0.1,1.0,1.5,3,0.595,0.56,0.675,0.08000000000000007,2.6876078983169505,1.7370495585453878
0.0,0.1,1.0,1.5,4,0.72,0.745,0.765,0.04500000000000004,2.6849340034498685,1.3102300995490703
0.0,0.1,1.0,1.5,5,0.65,0.68,0.715,0.06499999999999995,2.076296564506754,1.0097287528362866
0.0,0.1,1.0,1.5,6,0.65,0.63,0.63,-0.020000000000000018,1.8909709953889793,0.6517523840876231
0.0,0.1,1.0,1.5,7,0.71,0.7,0.705,-0.0050000000000000044,2.061677198583033,0.8620282281039698
0.0,0.1,1.0,1.5,8,0.54,0.655,0.64,0.09999999999999998,2.534591414271345,1.4076602612516596
0.0,0.1,1.0,1.5,9,0.73,0.725,0.75,0.020000000000000018,2.1475307247705313,1.1568338718023434
0.0,0.1,1.0,2.0,0,0.705,0.745,0.76,0.05500000000000005,1.872624251171549,1.0519845261962293
0.0,0.1,1.0,2.0,1,0.775,0.83,0.825,0.04999999999999993,2.319117407380204,1.3248694920839676
0.0,0.1,1.0,2.0,2,0.62,0.725,0.69,0.06999999999999995,2.5756264116016543,1.700894978192488
0.0,0.1,1.0,2.0,3,0.62,0.61,0.675,0.05500000000000005,2.419468554698435,1.5851219195096287
0.0,0.1,1.0,2.0,4,0.77,0.795,0.79,0.020000000000000018,2.22454420823844,1.0185830707030876
0.0,0.1,1.0,2.0,5,0.67,0.67,0.72,0.04999999999999993,1.7579703037979426,0.7920978333961851
0.0,0.1,1.0,2.0,6,0.625,0.62,0.64,0.015000000000000013,1.5780762303982436,0.5579470071497862
0.0,0.1,1.0,2.0,7,0.72,0.69,0.72,0.0,1.7365647492551506,0.7442237707116328
0.0,0.1,1.0,2.0,8,0.595,0.66,0.665,0.07000000000000006,2.19835846012873,1.1986751646591958
0.0,0.1,1.0,2.0,9,0.74,0.73,0.755,0.015000000000000013,1.9090847967219542,1.052457717953332
0.0,0.1,1.0,3.0,0,0.71,0.765,0.75,0.040000000000000036,1.458745430151937,0.8889549225856916
0.0,0.1,1.0,3.0,1,0.775,0.83,0.835,0.05999999999999994,1.772567067167531,1.0572122178110042
0.0,0.1,1.0,3.0,2,0.64,0.725,0.705,0.06499999999999995,2.1795506762769437,1.4305831990328222
0.0,0.1,1.0,3.0,3,0.62,0.64,0.685,0.06500000000000006,1.9337728799847045,1.2034868324134549
0.0,0.1,1.0,3.0,4,0.75,0.83,0.805,0.05500000000000005,1.8106258011318366,0.8978776501183259
0.0,0.1,1.0,3.0,5,0.665,0.665,0.655,-0.010000000000000009,1.36654429899553,0.555000597209911
0.0,0.1,1.0,3.0,6,0.625,0.63,0.625,0.0,1.1424124139831988,0.4050059184685647
0.0,0.1,1.0,3.0,7,0.725,0.715,0.73,0.0050000000000000044,1.3197349045631381,0.5833976186363675
0.0,0.1,1.0,3.0,8,0.605,0.635,0.66,0.05500000000000005,1.524852586894118,0.7810967948874201
0.0,0.1,1.0,3.0,9,0.72,0.73,0.75,0.030000000000000027,1.5198072122594766,0.8400585997321315
0.0,0.1,1.0,5.0,0,0.735,0.755,0.77,0.03500000000000003,0.9698749911463671,0.5978477134739301
0.0,0.1,1.0,5.0,1,0.805,0.84,0.84,0.03499999999999992,1.1903462320741653,0.7335394497134979
0.0,0.1,1.0,5.0,2,0.71,0.735,0.71,0.0,1.561350739645457,0.9440057825721937
0.0,0.1,1.0,5.0,3,0.655,0.685,0.685,0.030000000000000027,1.217735227521427,0.6295922559474184
0.0,0.1,1.0,5.0,4,0.78,0.835,0.835,0.05499999999999994,1.1321504108921203,0.5519377052351282
0.0,0.1,1.0,5.0,5,0.66,0.675,0.665,0.0050000000000000044,0.9548825491385392,0.3682674933159348
0.0,0.1,1.0,5.0,6,0.64,0.635,0.635,-0.0050000000000000044,0.7383067225635025,0.2628998686909518
0.0,0.1,1.0,5.0,7,0.72,0.735,0.735,0.015000000000000013,0.8680084925338332,0.3797839925863428
0.0,0.1,1.0,5.0,8,0.625,0.64,0.645,0.020000000000000018,0.815656151328113,0.34911408298866947
0.0,0.1,1.0,5.0,9,0.745,0.745,0.735,-0.010000000000000009,0.9882606230460208,0.5173517760757117
0.0,0.2,1.0,1.0,0,0.705,0.705,0.695,-0.010000000000000009,2.8616812895586725,1.5652107923480296
0.0,0.2,1.0,1.0,1,0.735,0.785,0.795,0.06000000000000005,3.166635558858376,1.6992169947038034
0.0,0.2,1.0,1.0,2,0.63,0.71,0.745,0.11499999999999999,3.2446517068200866,2.164278108794715
0.0,0.2,1.0,1.0,3,0.61,0.635,0.68,0.07000000000000006,3.24982934797079,1.7769763364401834
0.0,0.2,1.0,1.0,4,0.67,0.665,0.75,0.07999999999999996,3.4251439126807357,1.855947295428513
0.0,0.2,1.0,1.0,5,0.665,0.685,0.725,0.05999999999999994,2.484587422966986,1.1834448483899747
0.0,0.2,1.0,1.0,6,0.645,0.62,0.63,-0.015000000000000013,2.487711605284611,0.8545862185331069
0.0,0.2,1.0,1.0,7,0.68,0.725,0.715,0.03499999999999992,2.576445056596433,1.0299613753861832
0.0,0.2,1.0,1.0,8,0.545,0.645,0.625,0.07999999999999996,2.9932177835839706,1.633325134564614
0.0,0.2,1.0,1.0,9,0.695,0.735,0.75,0.05500000000000005,2.7595175085652452,1.5439722124439805
0.0,0.2,1.0,1.5,0,0.72,0.78,0.755,0.03500000000000003,2.5378314666786537,1.1903078181552724
0.0,0.2,1.0,1.5,1,0.76,0.815,0.81,0.050000000000000044,2.746579600953413,1.495004714999547
0.0,0.2,1.0,1.5,2,0.64,0.72,0.72,0.07999999999999996,2.8979561998272083,1.9566490006916881
0.0,0.2,1.0,1.5,3,0.64,0.645,0.7,0.05999999999999994,2.8862771122172184,1.6816333971766173
0.0,0.2,1.0,1.5,4,0.75,0.805,0.775,0.025000000000000022,2.8069124579859452,1.2433207356232068
0.0,0.2,1.0,1.5,5,0.705,0.73,0.73,0.025000000000000022,2.1811665777528053,0.9530888517654332
0.0,0.2,1.0,1.5,6,0.655,0.645,0.63,-0.025000000000000022,2.019300105121862,0.7183570056674426
0.0,0.2,1.0,1.5,7,0.72,0.73,0.72,0.0,2.1634639163445843,0.9619394177187348
0.0,0.2,1.0,1.5,8,0.565,0.675,0.665,0.10000000000000009,2.6087338149472,1.4619940859588632
0.0,0.2,1.0,1.5,9,0.735,0.76,0.77,0.03500000000000003,2.2658316970195393,1.236525743994142
0.0,0.2,1.0,2.0,0,0.72,0.77,0.765,0.04500000000000004,1.9902511656591626,1.178437970153763
0.0,0.2,1.0,2.0,1,0.785,0.835,0.83,0.04499999999999993,2.3899389155592012,1.3777771436158353
0.0,0.2,1.0,2.0,2,0.64,0.74,0.725,0.08499999999999996,2.6404556113136266,1.8037317138824012
0.0,0.2,1.0,2.0,3,0.64,0.68,0.715,0.07499999999999996,2.5684781364117195,1.506924425792331
0.0,0.2,1.0,2.0,4,0.745,0.81,0.81,0.06500000000000006,2.3685924661277293,1.1223817769006201
0.0,0.2,1.0,2.0,5,0.7,0.705,0.735,0.03500000000000003,1.867494199152346,0.7970843483250986
0.0,0.2,1.0,2.0,6,0.65,0.655,0.635,-0.015000000000000013,1.6840441324989472,0.6121906810977227
0.0,0.2,1.0,2.0,7,0.725,0.73,0.735,0.010000000000000009,1.8377003401590468,0.8405589101822755
0.0,0.2,1.0,2.0,8,0.62,0.67,0.675,0.05500000000000005,2.2550284794581494,1.240294803963779
0.0,0.2,1.0,2.0,9,0.755,0.76,0.77,0.015000000000000013,2.026109367519647,1.142109693828639
0.0,0.2,1.0,3.0,0,0.74,0.77,0.77,0.030000000000000027,1.5533742619454978,0.9866855737951664
0.0,0.2,1.0,3.0,1,0.77,0.845,0.84,0.06999999999999995,1.8357501469706852,1.1234786090481308
0.0,0.2,1.0,3.0,2,0.655,0.745,0.71,0.05499999999999994,2.2495155219374046,1.532409801686101
0.0,0.2,1.0,3.0,3,0.65,0.69,0.72,0.06999999999999995,2.0763386009718734,1.223401285559099
0.0,0.2,1.0,3.0,4,0.76,0.845,0.815,0.05499999999999994,1.9072623924683063,1.0174584777450322
0.0,0.2,1.0,3.0,5,0.7,0.685,0.7,0.0,1.4417940167348542,0.5775672308234944
0.0,0.2,1.0,3.0,6,0.675,0.63,0.645,-0.030000000000000027,1.24065399388871,0.45564945004192564
0.0,0.2,1.0,3.0,7,0.74,0.745,0.75,0.010000000000000009,1.4049261399503246,0.6630364677511713
0.0,0.2,1.0,3.0,8,0.645,0.675,0.685,0.040000000000000036,1.6260683593626526,0.8661554999466634
0.0,0.2,1.0,3.0,9,0.75,0.755,0.775,0.025000000000000022,1.6043855428211389,0.9047032678357168
0.0,0.2,1.0,5.0,0,0.75,0.77,0.78,0.030000000000000027,1.0494847813782584,0.6774738371760642
0.0,0.2,1.0,5.0,1,0.825,0.85,0.85,0.025000000000000022,1.2663633364106976,0.8151212951896156
0.0,0.2,1.0,5.0,2,0.725,0.745,0.74,0.015000000000000013,1.6350056162378264,1.0294903767032588
0.0,0.2,1.0,5.0,3,0.66,0.715,0.715,0.05499999999999994,1.3112464090706455,0.6859510576326726
0.0,0.2,1.0,5.0,4,0.795,0.845,0.835,0.039999999999999925,1.227623405048724,0.6321721532984947
0.0,0.2,1.0,5.0,5,0.7,0.685,0.695,-0.0050000000000000044,1.0080976028307307,0.39721912100082646
0.0,0.2,1.0,5.0,6,0.665,0.64,0.635,-0.030000000000000027,0.7993266921776138,0.29409909200806916
0.0,0.2,1.0,5.0,7,0.75,0.74,0.755,0.0050000000000000044,0.9322965348938638,0.4375422243064979
0.0,0.2,1.0,5.0,8,0.67,0.675,0.67,0.0,0.8925598701855474,0.40547564285600557
0.0,0.2,1.0,5.0,9,0.77,0.76,0.76,-0.010000000000000009,1.0416701843701366,0.5590307845854591
0.0,0.3,1.0,1.0,0,0.73,0.8,0.755,0.025000000000000022,3.20863887320882,1.4618747088054578
0.0,0.3,1.0,1.0,1,0.755,0.8,0.795,0.040000000000000036,3.2006936584163372,1.7023014562136956
0.0,0.3,1.0,1.0,2,0.645,0.735,0.78,0.135,3.2780062809752746,2.2156506992918685
0.0,0.3,1.0,1.0,3,0.62,0.695,0.695,0.07499999999999996,3.3487078814537825,1.7086867253264897
0.0,0.3,1.0,1.0,4,0.67,0.71,0.77,0.09999999999999998,3.49397787236988,1.9232026728678278
0.0,0.3,1.0,1.0,5,0.67,0.725,0.73,0.05999999999999994,2.5919878429646825,1.171939305207812
0.0,0.3,1.0,1.0,6,0.655,0.62,0.62,-0.03500000000000003,2.6090364160485833,0.9237452344043325
0.0,0.3,1.0,1.0,7,0.7,0.745,0.715,0.015000000000000013,2.6986300063119937,1.150178805990893
0.0,0.3,1.0,1.0,8,0.575,0.67,0.655,0.08000000000000007,3.0573041394969755,1.6583479707513262
0.0,0.3,1.0,1.0,9,0.72,0.8,0.74,0.020000000000000018,2.9425764352309467,1.7125010889930836
0.0,0.3,1.0,1.5,0,0.74,0.78,0.775,0.03500000000000003,2.629085362401871,1.3015070389708205
0.0,0.3,1.0,1.5,1,0.765,0.835,0.835,0.06999999999999995,2.8144930597376345,1.5551083133265484
0.0,0.3,1.0,1.5,2,0.645,0.725,0.745,0.09999999999999998,2.9544240509450628,2.0456095852725444
0.0,0.3,1.0,1.5,3,0.655,0.705,0.72,0.06499999999999995,2.9892735364087084,1.600659521452077
0.0,0.3,1.0,1.5,4,0.755,0.805,0.8,0.04500000000000004,2.9188361845349267,1.3090116584307139
0.0,0.3,1.0,1.5,5,0.73,0.765,0.755,0.025000000000000022,2.301938694035733,0.9963951513276886
0.0,0.3,1.0,1.5,6,0.665,0.655,0.615,-0.050000000000000044,2.132004395380795,0.7817969593270445
0.0,0.3,1.0,1.5,7,0.72,0.75,0.735,0.015000000000000013,2.25917503630626,1.0631763348428838
0.0,0.3,1.0,1.5,8,0.595,0.69,0.685,0.09000000000000008,2.6937146913240793,1.528344392849862
0.0,0.3,1.0,1.5,9,0.76,0.78,0.79,0.030000000000000027,2.38238232509034,1.3235210194117186
0.0,0.3,1.0,2.0,0,0.735,0.775,0.78,0.04500000000000004,2.102001171493087,1.293646253023682
0.0,0.3,1.0,2.0,1,0.785,0.845,0.84,0.05499999999999994,2.4504560753264246,1.4340038549815366
0.0,0.3,1.0,2.0,2,0.635,0.74,0.745,0.10999999999999999,2.686940048825305,1.8871740187059312
0.0,0.3,1.0,2.0,3,0.665,0.71,0.725,0.05999999999999994,2.6976444306937184,1.4971887782495055
0.0,0.3,1.0,2.0,4,0.76,0.84,0.825,0.06499999999999995,2.4642557761626347,1.2428127270861935
0.0,0.3,1.0,2.0,5,0.735,0.74,0.75,0.015000000000000013,1.98045413153087,0.834061394941501
0.0,0.3,1.0,2.0,6,0.675,0.655,0.625,-0.050000000000000044,1.7870409235970308,0.6678449208552252
0.0,0.3,1.0,2.0,7,0.735,0.75,0.73,-0.0050000000000000044,1.9286074606692372,0.9322935283750318
0.0,0.3,1.0,2.0,8,0.645,0.695,0.69,0.04499999999999993,2.325243119903686,1.2985767179017682
0.0,0.3,1.0,2.0,9,0.755,0.765,0.785,0.030000000000000027,2.1090887421073496,1.2011673453992286
0.0,0.3,1.0,3.0,0,0.75,0.79,0.785,0.03500000000000003,1.653407879360354,1.0851828428839279
0.0,0.3,1.0,3.0,1,0.78,0.845,0.845,0.06499999999999995,1.8994226334758553,1.192489389436911
0.0,0.3,1.0,3.0,2,0.665,0.755,0.725,0.05999999999999994,2.302051480673368,1.620035158019594
0.0,0.3,1.0,3.0,3,0.685,0.695,0.73,0.04499999999999993,2.196779800978739,1.2527076135267006
0.0,0.3,1.0,3.0,4,0.755,0.84,0.82,0.06499999999999995,1.9992517526891502,1.1334955391243806
0.0,0.3,1.0,3.0,5,0.715,0.73,0.72,0.0050000000000000044,1.5180898296342207,0.6064055413523234
0.0,0.3,1.0,3.0,6,0.685,0.645,0.63,-0.05500000000000005,1.3303539742321464,0.5063494561605689
0.0,0.3,1.0,3.0,7,0.75,0.775,0.765,0.015000000000000013,1.4881722400337785,0.7462595126226877
0.0,0.3,1.0,3.0,8,0.66,0.7,0.695,0.03499999999999992,1.7415820031634845,0.9588852590862086
0.0,0.3,1.0,3.0,9,0.765,0.775,0.785,0.020000000000000018,1.6747951501026161,0.9578202981913645
0.0,0.3,1.0,5.0,0,0.775,0.785,0.8,0.025000000000000022,1.1248758633514704,0.7547431911407232
0.0,0.3,1.0,5.0,1,0.825,0.86,0.85,0.025000000000000022,1.333968809272846,0.8930437787791975
0.0,0.3,1.0,5.0,2,0.735,0.75,0.74,0.0050000000000000044,1.6968700555040845,1.105928176964365
0.0,0.3,1.0,5.0,3,0.69,0.715,0.725,0.03500000000000003,1.3971956883949332,0.7400565713406942
0.0,0.3,1.0,5.0,4,0.795,0.85,0.84,0.04499999999999993,1.3168517815111866,0.7146931696883783
0.0,0.3,1.0,5.0,5,0.71,0.7,0.71,0.0,1.0613870740888762,0.4253372915848286
0.0,0.3,1.0,5.0,6,0.68,0.645,0.645,-0.03500000000000003,0.8573691490555885,0.32740496453895174
0.0,0.3,1.0,5.0,7,0.75,0.76,0.755,0.0050000000000000044,0.9965808189026447,0.49906764463442
0.0,0.3,1.0,5.0,8,0.7,0.69,0.695,-0.0050000000000000044,0.966572327869645,0.46051908899629107
0.0,0.3,1.0,5.0,9,0.78,0.775,0.76,-0.020000000000000018,1.1014042860027162,0.6056538105605997
0.0,0.5,1.0,1.0,0,0.755,0.82,0.805,0.050000000000000044,3.392388952229804,1.645966721396326
0.0,0.5,1.0,1.0,1,0.775,0.815,0.82,0.04499999999999993,3.322722600594119,1.8001839375021955
0.0,0.5,1.0,1.0,2,0.655,0.75,0.78,0.125,3.3327032877833584,2.316595039197784
0.0,0.5,1.0,1.0,3,0.645,0.75,0.74,0.09499999999999997,3.582964069596157,1.7653052816032015
0.0,0.5,1.0,1.0,4,0.695,0.81,0.795,0.10000000000000009,3.592217609939138,1.6529759155835848
0.0,0.5,1.0,1.0,5,0.725,0.76,0.735,0.010000000000000009,2.7996077780127426,1.3257877872704318
0.0,0.5,1.0,1.0,6,0.67,0.655,0.64,-0.030000000000000027,2.8132410993692627,1.0446536492573584
0.0,0.5,1.0,1.0,7,0.72,0.77,0.725,0.0050000000000000044,2.8521577227107953,1.34006581014706
0.0,0.5,1.0,1.0,8,0.62,0.73,0.685,0.06500000000000006,3.2567794528097704,1.834217976570112
0.0,0.5,1.0,1.0,9,0.72,0.805,0.765,0.04500000000000004,3.1416601581207124,1.9193905909300755
0.0,0.5,1.0,1.5,0,0.77,0.83,0.8,0.030000000000000027,2.80455050832649,1.4853975513422517
0.0,0.5,1.0,1.5,1,0.785,0.845,0.835,0.04999999999999993,2.9390560796496605,1.6799084532172868
0.0,0.5,1.0,1.5,2,0.655,0.755,0.75,0.09499999999999997,3.0480417232898525,2.2154004412558366
0.0,0.5,1.0,1.5,3,0.675,0.74,0.74,0.06499999999999995,3.194838667519093,1.6057392536818662
0.0,0.5,1.0,1.5,4,0.75,0.85,0.825,0.07499999999999996,2.9919363249900597,1.5065910908123998
0.0,0.5,1.0,1.5,5,0.755,0.795,0.785,0.030000000000000027,2.5143963345412192,1.148201200141849
0.0,0.5,1.0,1.5,6,0.71,0.665,0.63,-0.07999999999999996,2.3279812940707427,0.8894206705240671
0.0,0.5,1.0,1.5,7,0.745,0.775,0.745,0.0,2.411584026347134,1.2320216620714826
0.0,0.5,1.0,1.5,8,0.64,0.72,0.705,0.06499999999999995,2.827293289369261,1.6482520541087289
0.0,0.5,1.0,1.5,9,0.75,0.805,0.785,0.03500000000000003,2.590223423507598,1.488369772101249
0.0,0.5,1.0,2.0,0,0.77,0.805,0.79,0.020000000000000018,2.2958519171179357,1.457307918621176
0.0,0.5,1.0,2.0,1,0.79,0.845,0.84,0.04999999999999993,2.5524211273902813,1.5542151462491771
0.0,0.5,1.0,2.0,2,0.66,0.76,0.775,0.11499999999999999,2.7981906641693444,2.0844759306676375
0.0,0.5,1.0,2.0,3,0.695,0.75,0.73,0.03500000000000003,2.8600462729651555,1.5712303117672481
0.0,0.5,1.0,2.0,4,0.755,0.845,0.84,0.08499999999999996,2.5794650019084187,1.443405427498082
0.0,0.5,1.0,2.0,5,0.745,0.785,0.785,0.040000000000000036,2.1896019748416857,0.9730177793735848
0.0,0.5,1.0,2.0,6,0.73,0.67,0.625,-0.10499999999999998,1.9324584124464037,0.7613467901754943
0.0,0.5,1.0,2.0,7,0.76,0.785,0.765,0.0050000000000000044,2.078274156267421,1.0967698395755372
0.0,0.5,1.0,2.0,8,0.69,0.725,0.715,0.025000000000000022,2.4602513103673296,1.4199802324413566
0.0,0.5,1.0,2.0,9,0.775,0.795,0.79,0.015000000000000013,2.2644888173088393,1.3177810913798214
0.0,0.5,1.0,3.0,0,0.775,0.795,0.815,0.039999999999999925,1.8316262770308895,1.258692105414321
0.0,0.5,1.0,3.0,1,0.8,0.85,0.845,0.04499999999999993,2.0109772131925525,1.3299511771958135
0.0,0.5,1.0,3.0,2,0.675,0.755,0.775,0.09999999999999998,2.399753473122609,1.7731383942433905
0.0,0.5,1.0,3.0,3,0.705,0.735,0.74,0.03500000000000003,2.3674804170363277,1.334451489177548
0.0,0.5,1.0,3.0,4,0.765,0.85,0.835,0.06999999999999995,2.1298422073752787,1.3207852471920232
0.0,0.5,1.0,3.0,5,0.74,0.775,0.765,0.025000000000000022,1.687278168103238,0.7054401241365185
0.0,0.5,1.0,3.0,6,0.735,0.67,0.66,-0.07499999999999996,1.4655209260017121,0.5862021780525611
0.0,0.5,1.0,3.0,7,0.78,0.78,0.785,0.0050000000000000044,1.6298011579059624,0.8998796031185665
0.0,0.5,1.0,3.0,8,0.7,0.73,0.72,0.020000000000000018,1.895710260050037,1.0976095878798222
0.0,0.5,1.0,3.0,9,0.79,0.78,0.78,-0.010000000000000009,1.7930993724066264,1.0575118369118035
0.0,0.5,1.0,5.0,0,0.785,0.805,0.825,0.039999999999999925,1.263503098813393,0.9012198742223516
0.0,0.5,1.0,5.0,1,0.825,0.865,0.865,0.040000000000000036,1.448177846396297,1.0346747820553952
0.0,0.5,1.0,5.0,2,0.72,0.76,0.775,0.05500000000000005,1.8123599830366635,1.2568779821618394
0.0,0.5,1.0,5.0,3,0.725,0.76,0.75,0.025000000000000022,1.5567177484264474,0.8576317144158443
0.0,0.5,1.0,5.0,4,0.805,0.855,0.865,0.05999999999999994,1.4649974706411002,0.8697910332097937
0.0,0.5,1.0,5.0,5,0.755,0.755,0.75,-0.0050000000000000044,1.1659752403427597,0.483545883253512
0.0,0.5,1.0,5.0,6,0.735,0.68,0.665,-0.06999999999999995,0.9525616911763958,0.3898010307644245
0.0,0.5,1.0,5.0,7,0.79,0.79,0.79,0.0,1.1177317474378914,0.6238957017182516
0.0,0.5,1.0,5.0,8,0.735,0.73,0.72,-0.015000000000000013,1.1002788724201558,0.5644176328693462
0.0,0.5,1.0,5.0,9,0.785,0.79,0.785,0.0,1.2153749014520183,0.6951196470325857
0.1,0.1,1.0,1.0,0,0.655,0.555,0.685,0.030000000000000027,2.819730752814479,2.0975690078321296
0.1,0.1,1.0,1.0,1,0.77,0.775,0.815,0.04499999999999993,3.170103897731434,1.800989324655427
0.1,0.1,1.0,1.0,2,0.65,0.715,0.735,0.08499999999999996,3.1708584237706763,1.8987046481499488
0.1,0.1,1.0,1.0,3,0.61,0.5,0.685,0.07500000000000007,3.074110494927784,2.005707707414117
0.1,0.1,1.0,1.0,4,0.75,0.65,0.765,0.015000000000000013,3.3291368309163363,1.9453583055295105
0.1,0.1,1.0,1.0,5,0.635,0.635,0.735,0.09999999999999998,2.516240183355827,1.3183409083987139
0.1,0.1,1.0,1.0,6,0.64,0.62,0.645,0.0050000000000000044,2.46470341463924,0.8305213255156173
0.1,0.1,1.0,1.0,7,0.69,0.7,0.705,0.015000000000000013,2.5363291801132246,0.9909666570124552
0.1,0.1,1.0,1.0,8,0.535,0.585,0.615,0.07999999999999996,2.9060334695044205,1.5073110169422228
0.1,0.1,1.0,1.0,9,0.72,0.76,0.78,0.06000000000000005,2.639170616914107,1.4300299419199007
0.1,0.1,1.0,1.5,0,0.73,0.775,0.755,0.025000000000000022,2.5073591205949186,1.1555634969519093
0.1,0.1,1.0,1.5,1,0.785,0.815,0.82,0.03499999999999992,2.71846615631066,1.5076026727282366
0.1,0.1,1.0,1.5,2,0.675,0.72,0.715,0.039999999999999925,2.844038360644165,1.8175203144677758
0.1,0.1,1.0,1.5,3,0.635,0.57,0.7,0.06499999999999995,2.631813393827254,1.8322875392927447
0.1,0.1,1.0,1.5,4,0.775,0.76,0.79,0.015000000000000013,2.7502992501598817,1.3893265333951816
0.1,0.1,1.0,1.5,5,0.675,0.66,0.71,0.03499999999999992,2.161791400670452,1.1469152692507008
0.1,0.1,1.0,1.5,6,0.66,0.65,0.62,-0.040000000000000036,2.0166493872278517,0.7056683112094158
0.1,0.1,1.0,1.5,7,0.72,0.725,0.715,-0.0050000000000000044,2.1391116013296823,0.9307323439233376
0.1,0.1,1.0,1.5,8,0.61,0.645,0.66,0.050000000000000044,2.422290853200727,1.2412206846353235
0.1,0.1,1.0,1.5,9,0.73,0.76,0.775,0.04500000000000004,2.2428090243102314,1.2052199657737075
0.1,0.1,1.0,2.0,0,0.725,0.78,0.765,0.040000000000000036,1.9860599352083443,1.1792434326563486
0.1,0.1,1.0,2.0,1,0.785,0.835,0.83,0.04499999999999993,2.3557683531653084,1.359465998022231
0.1,0.1,1.0,2.0,2,0.67,0.745,0.71,0.039999999999999925,2.593988861739534,1.6747575537211175
0.1,0.1,1.0,2.0,3,0.645,0.62,0.715,0.06999999999999995,2.474387002840702,1.6511756666157096
0.1,0.1,1.0,2.0,4,0.76,0.81,0.825,0.06499999999999995,2.328362902086987,1.094771585226131
0.1,0.1,1.0,2.0,5,0.68,0.68,0.71,0.029999999999999916,1.8515503069597978,0.9270079882653454
0.1,0.1,1.0,2.0,6,0.65,0.655,0.635,-0.015000000000000013,1.6900370863937735,0.6023416748971345
0.1,0.1,1.0,2.0,7,0.735,0.73,0.73,-0.0050000000000000044,1.820216536274442,0.8168599954654919
0.1,0.1,1.0,2.0,8,0.64,0.68,0.67,0.030000000000000027,2.109589616607679,1.0843735695660428
0.1,0.1,1.0,2.0,9,0.76,0.75,0.775,0.015000000000000013,1.999627234099238,1.1033722753622461
0.1,0.1,1.0,3.0,0,0.74,0.775,0.765,0.025000000000000022,1.5430369250422382,0.9712982475513169
0.1,0.1,1.0,3.0,1,0.805,0.84,0.84,0.03499999999999992,1.795532173166931,1.0797034902737845
0.1,0.1,1.0,3.0,2,0.7,0.76,0.705,0.0050000000000000044,2.1879768661935777,1.395087605206329
0.1,0.1,1.0,3.0,3,0.65,0.695,0.715,0.06499999999999995,1.9989958037358202,1.251822214447396
0.1,0.1,1.0,3.0,4,0.76,0.845,0.825,0.06499999999999995,1.8719355710414323,0.9728074827897748
0.1,0.1,1.0,3.0,5,0.69,0.675,0.67,-0.019999999999999907,1.4434057518832504,0.6272206992734425
0.1,0.1,1.0,3.0,6,0.665,0.64,0.645,-0.020000000000000018,1.2388409878259394,0.44598406700326765
0.1,0.1,1.0,3.0,7,0.74,0.74,0.745,0.0050000000000000044,1.389793709149182,0.6424772725608608
0.1,0.1,1.0,3.0,8,0.64,0.67,0.69,0.04999999999999993,1.4889913780426165,0.7400367695066481
0.1,0.1,1.0,3.0,9,0.75,0.76,0.77,0.020000000000000018,1.5809153739935993,0.8776845196232156
0.1,0.1,1.0,5.0,0,0.755,0.765,0.775,0.020000000000000018,1.0424435030881336,0.6650143777204444
0.1,0.1,1.0,5.0,1,0.835,0.85,0.85,0.015000000000000013,1.2286750734251737,0.7744635951424635
0.1,0.1,1.0,5.0,2,0.74,0.74,0.73,-0.010000000000000009,1.5882677515861392,0.9555558527925498
0.1,0.1,1.0,5.0,3,0.675,0.72,0.725,0.04999999999999993,1.2808766544608343,0.6731954045776962
0.1,0.1,1.0,5.0,4,0.82,0.845,0.84,0.020000000000000018,1.2094446131577476,0.6129270622012367
0.1,0.1,1.0,5.0,5,0.695,0.685,0.685,-0.009999999999999898,1.0148985942780941,0.4167391488981633
0.1,0.1,1.0,5.0,6,0.665,0.63,0.63,-0.03500000000000003,0.7984707099186905,0.29025430125460416
0.1,0.1,1.0,5.0,7,0.755,0.74,0.755,0.0,0.927913780604863,0.4299492484455448
0.1,0.1,1.0,5.0,8,0.67,0.67,0.67,0.0,0.8711495671644274,0.38322936106673905
0.1,0.1,1.0,5.0,9,0.77,0.755,0.76,-0.010000000000000009,1.0277428249796956,0.5427959762081737
0.1,0.2,1.0,1.0,0,0.76,0.765,0.715,-0.04500000000000004,2.9819801649379394,1.5395040320570796
0.1,0.2,1.0,1.0,1,0.785,0.79,0.81,0.025000000000000022,3.200559636987697,1.7450223354501093
0.1,0.2,1.0,1.0,2,0.69,0.735,0.78,0.09000000000000008,3.2614748301104672,2.121712362457611
0.1,0.2,1.0,1.0,3,0.63,0.64,0.685,0.05500000000000005,3.2512886263134466,1.8436576446158432
0.1,0.2,1.0,1.0,4,0.73,0.69,0.79,0.06000000000000005,3.4629636036008775,1.8732774021438332
0.1,0.2,1.0,1.0,5,0.665,0.705,0.735,0.06999999999999995,2.596315066609601,1.2519526538582126
0.1,0.2,1.0,1.0,6,0.65,0.625,0.615,-0.03500000000000003,2.5932400653396313,0.9083273401297451
0.1,0.2,1.0,1.0,7,0.71,0.74,0.725,0.015000000000000013,2.6703212041848303,1.119744355457558
0.1,0.2,1.0,1.0,8,0.6,0.655,0.64,0.040000000000000036,2.920524419057858,1.4730022663371969
0.1,0.2,1.0,1.0,9,0.73,0.8,0.75,0.020000000000000018,2.871408773009878,1.6295944241196503
0.1,0.2,1.0,1.5,0,0.74,0.79,0.775,0.03500000000000003,2.598250043051936,1.2833891650712712
0.1,0.2,1.0,1.5,1,0.79,0.84,0.835,0.04499999999999993,2.804327272860389,1.5774532656967954
0.1,0.2,1.0,1.5,2,0.67,0.73,0.745,0.07499999999999996,2.896144592677654,1.9140041456740737
0.1,0.2,1.0,1.5,3,0.645,0.67,0.735,0.08999999999999997,2.841198785585034,1.6831706760040663
0.1,0.2,1.0,1.5,4,0.765,0.815,0.795,0.030000000000000027,2.801781248541488,1.2547173497238335
0.1,0.2,1.0,1.5,5,0.705,0.72,0.74,0.03500000000000003,2.261868192809271,1.0882283470653642
0.1,0.2,1.0,1.5,6,0.68,0.665,0.63,-0.050000000000000044,2.129089573527433,0.7631563905911818
0.1,0.2,1.0,1.5,7,0.73,0.74,0.735,0.0050000000000000044,2.2352384316465734,1.0289621929707764
0.1,0.2,1.0,1.5,8,0.645,0.68,0.68,0.03500000000000003,2.4969649324164966,1.298511732432585
0.1,0.2,1.0,1.5,9,0.765,0.78,0.78,0.015000000000000013,2.3552243779356328,1.287180805546641
0.1,0.2,1.0,2.0,0,0.735,0.775,0.785,0.050000000000000044,2.0989971750044845,1.2898886393934876
0.1,0.2,1.0,2.0,1,0.785,0.845,0.84,0.05499999999999994,2.4243121668661245,1.422524113480013
0.1,0.2,1.0,2.0,2,0.665,0.75,0.74,0.07499999999999996,2.651064748329041,1.7695345808437621
0.1,0.2,1.0,2.0,3,0.675,0.68,0.735,0.05999999999999994,2.60991672938946,1.5517555502047122
0.1,0.2,1.0,2.0,4,0.76,0.835,0.825,0.06499999999999995,2.4101871657367577,1.2009929226929352
0.1,0.2,1.0,2.0,5,0.7,0.715,0.735,0.03500000000000003,1.9567780675211677,0.8715012958494183
0.1,0.2,1.0,2.0,6,0.67,0.66,0.615,-0.05500000000000005,1.791782505705147,0.656429652808345
0.1,0.2,1.0,2.0,7,0.74,0.755,0.735,-0.0050000000000000044,1.9129070941315853,0.9097599219717964
0.1,0.2,1.0,2.0,8,0.665,0.685,0.675,0.010000000000000009,2.1844040758880023,1.1390166279140415
0.1,0.2,1.0,2.0,9,0.765,0.76,0.785,0.020000000000000018,2.0773552836302276,1.1598948682149008
0.1,0.2,1.0,3.0,0,0.745,0.795,0.785,0.040000000000000036,1.6432921070498496,1.06890484481448
0.1,0.2,1.0,3.0,1,0.81,0.845,0.84,0.029999999999999916,1.8652770367738432,1.152743449571274
0.1,0.2,1.0,3.0,2,0.695,0.765,0.725,0.030000000000000027,2.2452534280688488,1.4879731817798727
0.1,0.2,1.0,3.0,3,0.675,0.71,0.73,0.05499999999999994,2.131140032129417,1.2587043725422067
0.1,0.2,1.0,3.0,4,0.775,0.85,0.825,0.04999999999999993,1.9533766595821411,1.0710482962160786
0.1,0.2,1.0,3.0,5,0.72,0.695,0.705,-0.015000000000000013,1.5130477869296926,0.6364680182450361
0.1,0.2,1.0,3.0,6,0.69,0.645,0.635,-0.05499999999999994,1.328894846962789,0.49697215643206344
0.1,0.2,1.0,3.0,7,0.76,0.76,0.765,0.0050000000000000044,1.470635325219735,0.7227343846958065
0.1,0.2,1.0,3.0,8,0.655,0.685,0.69,0.03499999999999992,1.5872461813362577,0.815612825433939
0.1,0.2,1.0,3.0,9,0.765,0.77,0.775,0.010000000000000009,1.6514111264720406,0.9272849506289613
0.1,0.2,1.0,5.0,0,0.775,0.79,0.8,0.025000000000000022,1.1166276909537025,0.7396257194863785
0.1,0.2,1.0,5.0,1,0.835,0.855,0.85,0.015000000000000013,1.2929374701362235,0.8466977129329533
0.1,0.2,1.0,5.0,2,0.735,0.745,0.74,0.0050000000000000044,1.650864707900418,1.0295648347853308
0.1,0.2,1.0,5.0,3,0.695,0.725,0.725,0.030000000000000027,1.3649040543754358,0.7229085540844331
0.1,0.2,1.0,5.0,4,0.81,0.85,0.84,0.029999999999999916,1.298060972658473,0.6899020620113875
0.1,0.2,1.0,5.0,5,0.71,0.7,0.695,-0.015000000000000013,1.0669095751352224,0.4445470099685481
0.1,0.2,1.0,5.0,6,0.685,0.63,0.63,-0.05500000000000005,0.8571434746728477,0.32368249888622846
0.1,0.2,1.0,5.0,7,0.75,0.755,0.76,0.010000000000000009,0.9917849421526475,0.49052357815849
0.1,0.2,1.0,5.0,8,0.705,0.705,0.695,-0.010000000000000009,0.9453446465422644,0.4361222923481115
0.1,0.2,1.0,5.0,9,0.78,0.78,0.77,-0.010000000000000009,1.0851766222876427,0.5878518347342705
0.1,0.3,1.0,1.0,0,0.755,0.805,0.765,0.010000000000000009,3.276933994950399,1.547700952344908
0.1,0.3,1.0,1.0,1,0.78,0.805,0.805,0.025000000000000022,3.252825554497217,1.7655270645078012
0.1,0.3,1.0,1.0,2,0.69,0.755,0.8,0.1100000000000001,3.2841648960602265,2.153193865606309
0.1,0.3,1.0,1.0,3,0.655,0.69,0.72,0.06499999999999995,3.3582836187236746,1.779608247090671
0.1,0.3,1.0,1.0,4,0.735,0.79,0.79,0.05500000000000005,3.4618492309383657,1.5874616346393209
0.1,0.3,1.0,1.0,5,0.695,0.735,0.74,0.04500000000000004,2.6880454061658106,1.2330632208409573
0.1,0.3,1.0,1.0,6,0.665,0.65,0.625,-0.040000000000000036,2.7187889705118846,0.9796681228457135
0.1,0.3,1.0,1.0,7,0.71,0.735,0.73,0.020000000000000018,2.7645643264401354,1.224406173907454
0.1,0.3,1.0,1.0,8,0.65,0.68,0.665,0.015000000000000013,3.0060365599312,1.5393438336615606
0.1,0.3,1.0,1.0,9,0.735,0.795,0.755,0.020000000000000018,2.967606233249894,1.7091220832296037
0.1,0.3,1.0,1.5,0,0.76,0.805,0.795,0.03500000000000003,2.703578622697651,1.3779615763970632
0.1,0.3,1.0,1.5,1,0.79,0.855,0.84,0.04999999999999993,2.864344600542392,1.6331210807354262
0.1,0.3,1.0,1.5,2,0.67,0.745,0.76,0.08999999999999997,2.9606450418719312,2.021143614791186
0.1,0.3,1.0,1.5,3,0.67,0.705,0.735,0.06499999999999995,2.9405201947213104,1.6186451893438112
0.1,0.3,1.0,1.5,4,0.77,0.85,0.825,0.05499999999999994,2.867952890368554,1.3149793984362537
0.1,0.3,1.0,1.5,5,0.735,0.77,0.755,0.020000000000000018,2.3711290742787883,1.0503222823894516
0.1,0.3,1.0,1.5,6,0.695,0.66,0.605,-0.08999999999999997,2.2422578358810834,0.8241419895822777
0.1,0.3,1.0,1.5,7,0.735,0.76,0.73,-0.0050000000000000044,2.31805507435812,1.1181974177457548
0.1,0.3,1.0,1.5,8,0.68,0.705,0.69,0.009999999999999898,2.570545126872046,1.360703953214879
0.1,0.3,1.0,1.5,9,0.77,0.78,0.78,0.010000000000000009,2.4547916831512686,1.3644478681229117
0.1,0.3,1.0,2.0,0,0.765,0.775,0.79,0.025000000000000022,2.20296497398237,1.3804534747360282
0.1,0.3,1.0,2.0,1,0.805,0.85,0.845,0.039999999999999925,2.4955860995072516,1.4852242419151878
0.1,0.3,1.0,2.0,2,0.67,0.755,0.76,0.08999999999999997,2.688243839243183,1.8453888225507253
0.1,0.3,1.0,2.0,3,0.7,0.72,0.73,0.030000000000000027,2.723732447849617,1.531046137928525
0.1,0.3,1.0,2.0,4,0.77,0.845,0.825,0.05499999999999994,2.4704443558504514,1.2927515268046494
0.1,0.3,1.0,2.0,5,0.73,0.74,0.755,0.025000000000000022,2.058635100004707,0.8945261618535397
0.1,0.3,1.0,2.0,6,0.71,0.66,0.62,-0.08999999999999997,1.8720628452122607,0.7043480355077637
0.1,0.3,1.0,2.0,7,0.755,0.77,0.745,-0.010000000000000009,1.9926028165502185,0.994261648826398
0.1,0.3,1.0,2.0,8,0.695,0.71,0.695,0.0,2.2644345187797152,1.2028241311625003
0.1,0.3,1.0,2.0,9,0.77,0.775,0.785,0.015000000000000013,2.152217498834429,1.210117746837445
0.1,0.3,1.0,3.0,0,0.76,0.79,0.795,0.03500000000000003,1.7330892971131806,1.1538582149796062
0.1,0.3,1.0,3.0,1,0.805,0.845,0.845,0.039999999999999925,1.9313800830173125,1.2234147863500036
0.1,0.3,1.0,3.0,2,0.705,0.745,0.745,0.040000000000000036,2.2942705609491254,1.572254434241117
0.1,0.3,1.0,3.0,3,0.705,0.71,0.735,0.030000000000000027,2.227081209572282,1.2686791580556835
0.1,0.3,1.0,3.0,4,0.775,0.86,0.825,0.04999999999999993,2.0241756050718296,1.1605732574263892
0.1,0.3,1.0,3.0,5,0.73,0.74,0.74,0.010000000000000009,1.5864110258952362,0.659291413637348
0.1,0.3,1.0,3.0,6,0.71,0.66,0.64,-0.06999999999999995,1.401774727458885,0.5384387070990471
0.1,0.3,1.0,3.0,7,0.76,0.78,0.765,0.0050000000000000044,1.5473805226739636,0.8023398251581826
0.1,0.3,1.0,3.0,8,0.675,0.705,0.7,0.02499999999999991,1.670437496644189,0.8797741494114766
0.1,0.3,1.0,3.0,9,0.79,0.785,0.775,-0.015000000000000013,1.7151418313005287,0.9765970504072599
0.1,0.3,1.0,5.0,0,0.78,0.81,0.8,0.020000000000000018,1.1862876703424592,0.8108962496727418
0.1,0.3,1.0,5.0,1,0.835,0.865,0.86,0.025000000000000022,1.354434387607542,0.9179859736337294
0.1,0.3,1.0,5.0,2,0.745,0.755,0.77,0.025000000000000022,1.7089958283122453,1.1012606993995506
0.1,0.3,1.0,5.0,3,0.715,0.73,0.735,0.020000000000000018,1.4444336735612964,0.7756238383498626
0.1,0.3,1.0,5.0,4,0.81,0.86,0.845,0.03499999999999992,1.376439887403006,0.7660411359593349
0.1,0.3,1.0,5.0,5,0.725,0.74,0.73,0.0050000000000000044,1.1180697078079695,0.47221636249898635
0.1,0.3,1.0,5.0,6,0.71,0.655,0.63,-0.07999999999999996,0.908511618083221,0.3566641666110986
0.1,0.3,1.0,5.0,7,0.76,0.775,0.775,0.015000000000000013,1.0523748721630577,0.5513673227552744
0.1,0.3,1.0,5.0,8,0.725,0.72,0.715,-0.010000000000000009,1.0145223126267782,0.4865748681732539
0.1,0.3,1.0,5.0,9,0.785,0.79,0.775,-0.010000000000000009,1.146443019504761,0.6345870336884222
0.1,0.5,1.0,1.0,0,0.785,0.825,0.805,0.020000000000000018,3.416679263885129,1.7217501643685327
0.1,0.5,1.0,1.0,1,0.81,0.825,0.84,0.029999999999999916,3.35886168123354,1.8725449140189767
0.1,0.5,1.0,1.0,2,0.7,0.76,0.8,0.10000000000000009,3.3426286339031077,2.2569185136387393
0.1,0.5,1.0,1.0,3,0.705,0.75,0.75,0.04500000000000004,3.470847727287891,1.7478216487912699
0.1,0.5,1.0,1.0,4,0.75,0.84,0.795,0.04500000000000004,3.5725397651253363,1.5798820888244325
0.1,0.5,1.0,1.0,5,0.735,0.78,0.74,0.0050000000000000044,2.87590629307734,1.333946087234542
0.1,0.5,1.0,1.0,6,0.705,0.64,0.635,-0.06999999999999995,2.8792250413328104,1.060113143782048
0.1,0.5,1.0,1.0,7,0.745,0.77,0.735,-0.010000000000000009,2.8818455978377084,1.3853070407248873
0.1,0.5,1.0,1.0,8,0.685,0.735,0.705,0.019999999999999907,3.140885950437363,1.7051486719471427
0.1,0.5,1.0,1.0,9,0.745,0.815,0.785,0.040000000000000036,3.1508356284347854,1.8658535102030083
0.1,0.5,1.0,1.5,0,0.795,0.825,0.805,0.010000000000000009,2.8734485405200325,1.5771421061844424
0.1,0.5,1.0,1.5,1,0.805,0.85,0.845,0.039999999999999925,2.9680172550141193,1.7394660639704813
0.1,0.5,1.0,1.5,2,0.685,0.77,0.77,0.08499999999999996,3.037160697095177,2.1726763762325505
0.1,0.5,1.0,1.5,3,0.71,0.735,0.745,0.03500000000000003,3.1048454513519776,1.6060921398086914
0.1,0.5,1.0,1.5,4,0.78,0.855,0.83,0.04999999999999993,2.9129690587443973,1.5354592154772577
0.1,0.5,1.0,1.5,5,0.75,0.795,0.79,0.040000000000000036,2.573429603878422,1.175703329000002
0.1,0.5,1.0,1.5,6,0.73,0.66,0.635,-0.09499999999999997,2.3919649589104774,0.912809017033073
0.1,0.5,1.0,1.5,7,0.765,0.775,0.765,0.0,2.4576031333029777,1.2784865983870668
0.1,0.5,1.0,1.5,8,0.705,0.73,0.72,0.015000000000000013,2.715500156629486,1.4911182422460194
0.1,0.5,1.0,1.5,9,0.765,0.815,0.795,0.030000000000000027,2.617393727483143,1.4988989839537594
0.1,0.5,1.0,2.0,0,0.79,0.81,0.805,0.015000000000000013,2.3893291292006147,1.5437642086863974
0.1,0.5,1.0,2.0,1,0.815,0.85,0.845,0.030000000000000027,2.5940957157346087,1.6003783276328543
0.1,0.5,1.0,2.0,2,0.69,0.765,0.77,0.08000000000000007,2.7765893145035125,2.0152674422102965
0.1,0.5,1.0,2.0,3,0.72,0.75,0.715,-0.0050000000000000044,2.8683124009806122,1.5677159563644083
0.1,0.5,1.0,2.0,4,0.775,0.855,0.84,0.06499999999999995,2.5482875993350835,1.4586933039284051
0.1,0.5,1.0,2.0,5,0.75,0.78,0.775,0.025000000000000022,2.2593477199407,1.0175078828138848
0.1,0.5,1.0,2.0,6,0.74,0.675,0.63,-0.10999999999999999,1.9945204459963526,0.7877061155455221
0.1,0.5,1.0,2.0,7,0.775,0.795,0.76,-0.015000000000000013,2.132663971453116,1.1536871258928676
0.1,0.5,1.0,2.0,8,0.73,0.74,0.72,-0.010000000000000009,2.402487231488902,1.3262952627224573
0.1,0.5,1.0,2.0,9,0.795,0.8,0.795,0.0,2.290170162787788,1.3203297256045812
0.1,0.5,1.0,3.0,0,0.78,0.8,0.825,0.04499999999999993,1.9078680997603266,1.3223358606671423
0.1,0.5,1.0,3.0,1,0.825,0.855,0.85,0.025000000000000022,2.046954228561237,1.365608313881402
0.1,0.5,1.0,3.0,2,0.705,0.765,0.785,0.08000000000000007,2.3881456593295405,1.7235450902763867
0.1,0.5,1.0,3.0,3,0.73,0.75,0.75,0.020000000000000018,2.3670297684585,1.3415444603755404
0.1,0.5,1.0,3.0,4,0.79,0.855,0.85,0.05999999999999994,2.1397632003711613,1.3204161272970776
0.1,0.5,1.0,3.0,5,0.755,0.785,0.765,0.010000000000000009,1.7485997250632535,0.7492060032733803
0.1,0.5,1.0,3.0,6,0.755,0.705,0.665,-0.08999999999999997,1.5149655605018484,0.6069029631386962
0.1,0.5,1.0,3.0,7,0.785,0.805,0.79,0.0050000000000000044,1.6768032982633048,0.9471277399302663
0.1,0.5,1.0,3.0,8,0.735,0.74,0.73,-0.0050000000000000044,1.8250841745902766,1.0100236919605448
0.1,0.5,1.0,3.0,9,0.79,0.785,0.795,0.0050000000000000044,1.8257529097443546,1.073418190824518
0.1,0.5,1.0,5.0,0,0.785,0.81,0.825,0.039999999999999925,1.3215293048141066,0.9518934294985882
0.1,0.5,1.0,5.0,1,0.83,0.87,0.87,0.040000000000000036,1.458708211090979,1.0503570983326538
0.1,0.5,1.0,5.0,2,0.745,0.765,0.775,0.030000000000000027,1.8150700713779304,1.2414726255129218
0.1,0.5,1.0,5.0,3,0.735,0.775,0.745,0.010000000000000009,1.5900594544638609,0.8902349404050324
0.1,0.5,1.0,5.0,4,0.82,0.875,0.87,0.050000000000000044,1.505659782991069,0.9032215562805979
0.1,0.5,1.0,5.0,5,0.755,0.765,0.77,0.015000000000000013,1.2181422507694415,0.5285048090135936
0.1,0.5,1.0,5.0,6,0.75,0.7,0.69,-0.06000000000000005,0.9915515815707314,0.40982674326367685
0.1,0.5,1.0,5.0,7,0.795,0.795,0.785,-0.010000000000000009,1.166559425538076,0.6724312168669302
0.1,0.5,1.0,5.0,8,0.75,0.735,0.72,-0.030000000000000027,1.1353511757792143,0.5769771442627364
0.1,0.5,1.0,5.0,9,0.795,0.8,0.79,-0.0050000000000000044,1.252469636238041,0.7171188184162827
0.2,0.1,1.0,1.0,0,0.73,0.63,0.705,-0.025000000000000022,2.8480560081585464,1.905271972778928
0.2,0.1,1.0,1.0,1,0.8,0.775,0.815,0.014999999999999902,3.204387997901133,1.8329168858685794
0.2,0.1,1.0,1.0,2,0.7,0.74,0.74,0.040000000000000036,3.223358277440756,2.0131417331259365
0.2,0.1,1.0,1.0,3,0.645,0.505,0.7,0.05499999999999994,3.0526755483032355,2.110756619061234
0.2,0.1,1.0,1.0,4,0.79,0.645,0.75,-0.040000000000000036,3.350455651569577,2.0078257551653076
0.2,0.1,1.0,1.0,5,0.665,0.63,0.73,0.06499999999999995,2.6020849596332716,1.3945037840521808
0.2,0.1,1.0,1.0,6,0.655,0.63,0.61,-0.04500000000000004,2.5790207828615728,0.889341006672892
0.2,0.1,1.0,1.0,7,0.705,0.73,0.715,0.010000000000000009,2.6327632345132987,1.0806032021371734
0.2,0.1,1.0,1.0,8,0.62,0.605,0.63,0.010000000000000009,2.8549070032672796,1.4231822413701531
0.2,0.1,1.0,1.0,9,0.75,0.815,0.79,0.040000000000000036,2.698528736245089,1.4486165150113601
0.2,0.1,1.0,1.5,0,0.76,0.785,0.765,0.0050000000000000044,2.5546191088844075,1.2623945283015763
0.2,0.1,1.0,1.5,1,0.805,0.83,0.825,0.019999999999999907,2.7746814102719446,1.5874084354719458
0.2,0.1,1.0,1.5,2,0.7,0.735,0.74,0.040000000000000036,2.8883827032571805,1.8281999535677762
0.2,0.1,1.0,1.5,3,0.675,0.56,0.705,0.029999999999999916,2.6327732967165183,1.9370195544591888
0.2,0.1,1.0,1.5,4,0.8,0.78,0.8,0.0,2.7593135604496557,1.3271294065257206
0.2,0.1,1.0,1.5,5,0.69,0.655,0.705,0.015000000000000013,2.238663580739856,1.2245008449624215
0.2,0.1,1.0,1.5,6,0.685,0.66,0.635,-0.050000000000000044,2.1288689184366363,0.7506093758905896
0.2,0.1,1.0,1.5,7,0.73,0.735,0.735,0.0050000000000000044,2.209926557215391,0.995151768198438
0.2,0.1,1.0,1.5,8,0.67,0.675,0.665,-0.0050000000000000044,2.357515172190219,1.1395513042638772
0.2,0.1,1.0,1.5,9,0.755,0.77,0.775,0.020000000000000018,2.3248070572304624,1.2596975275669562
0.2,0.1,1.0,2.0,0,0.75,0.77,0.785,0.03500000000000003,2.0928640007802968,1.2921683528574368
0.2,0.1,1.0,2.0,1,0.81,0.845,0.84,0.029999999999999916,2.409900262612362,1.4184572662206556
0.2,0.1,1.0,2.0,2,0.695,0.76,0.735,0.040000000000000036,2.634078820407942,1.6789285238112115
0.2,0.1,1.0,2.0,3,0.685,0.64,0.735,0.04999999999999993,2.523926653193348,1.7084224442432805
0.2,0.1,1.0,2.0,4,0.785,0.835,0.83,0.04499999999999993,2.3859878275673463,1.1831810077012606
0.2,0.1,1.0,2.0,5,0.69,0.675,0.705,0.015000000000000013,1.93922687481529,1.030625803652581
0.2,0.1,1.0,2.0,6,0.675,0.66,0.625,-0.050000000000000044,1.7923663198718491,0.6450806711897131
0.2,0.1,1.0,2.0,7,0.75,0.745,0.745,-0.0050000000000000044,1.8920835024131355,0.881028664142899
0.2,0.1,1.0,2.0,8,0.675,0.685,0.665,-0.010000000000000009,2.0705307847657406,1.0191628430070232
0.2,0.1,1.0,2.0,9,0.765,0.76,0.78,0.015000000000000013,2.052469888208625,1.128093573675569
0.2,0.1,1.0,3.0,0,0.76,0.795,0.785,0.025000000000000022,1.6327341453346689,1.0551705693256164
0.2,0.1,1.0,3.0,1,0.825,0.855,0.84,0.015000000000000013,1.856891748995168,1.1358063087470305
0.2,0.1,1.0,3.0,2,0.72,0.745,0.725,0.0050000000000000044,2.2182309639800373,1.4007439009793106
0.2,0.1,1.0,3.0,3,0.685,0.7,0.73,0.04499999999999993,2.061166034957833,1.2932994677913499
0.2,0.1,1.0,3.0,4,0.78,0.85,0.825,0.04499999999999993,1.9297774996643031,1.0362155148986973
0.2,0.1,1.0,3.0,5,0.71,0.68,0.705,-0.0050000000000000044,1.5173287095382346,0.7132174300082894
0.2,0.1,1.0,3.0,6,0.69,0.635,0.635,-0.05499999999999994,1.3280386552635042,0.48754037734888256
0.2,0.1,1.0,3.0,7,0.755,0.755,0.76,0.0050000000000000044,1.4581405817524813,0.7033924935402817
0.2,0.1,1.0,3.0,8,0.675,0.685,0.7,0.02499999999999991,1.4759812333922837,0.7072248828499107
0.2,0.1,1.0,3.0,9,0.77,0.77,0.775,0.0050000000000000044,1.62900779926687,0.900500816341701
0.2,0.1,1.0,5.0,0,0.78,0.785,0.795,0.015000000000000013,1.1090606279597799,0.7287130713590989
0.2,0.1,1.0,5.0,1,0.84,0.855,0.85,0.010000000000000009,1.2580643898041064,0.8119614746349731
0.2,0.1,1.0,5.0,2,0.735,0.745,0.745,0.010000000000000009,1.6171235152435992,0.9728680283545933
0.2,0.1,1.0,5.0,3,0.7,0.73,0.73,0.030000000000000027,1.3365807700624757,0.7108997387753289
0.2,0.1,1.0,5.0,4,0.83,0.85,0.845,0.015000000000000013,1.2791080689633296,0.6692715115919146
0.2,0.1,1.0,5.0,5,0.71,0.69,0.69,-0.020000000000000018,1.070034918577683,0.46893373576386155
0.2,0.1,1.0,5.0,6,0.68,0.63,0.63,-0.050000000000000044,0.8560064855457,0.31959551085445226
0.2,0.1,1.0,5.0,7,0.755,0.755,0.76,0.0050000000000000044,0.9851890188286963,0.4804322875828425
0.2,0.1,1.0,5.0,8,0.705,0.705,0.695,-0.010000000000000009,0.9273309720395662,0.4164062090983199
0.2,0.1,1.0,5.0,9,0.775,0.78,0.765,-0.010000000000000009,1.0720133203896975,0.5709640015472187
0.2,0.2,1.0,1.0,0,0.76,0.805,0.765,0.0050000000000000044,3.2278343351524943,1.5178966234151556
0.2,0.2,1.0,1.0,1,0.805,0.8,0.82,0.014999999999999902,3.2194474075449686,1.752608021967173
0.2,0.2,1.0,1.0,2,0.715,0.745,0.765,0.050000000000000044,3.2676038268105843,2.1020234314104322
0.2,0.2,1.0,1.0,3,0.66,0.64,0.71,0.04999999999999993,3.239816952884322,1.9391155651991705
0.2,0.2,1.0,1.0,4,0.785,0.73,0.775,-0.010000000000000009,3.428814104106282,1.7830897505105856
0.2,0.2,1.0,1.0,5,0.67,0.71,0.735,0.06499999999999995,2.6680119128516107,1.30816578524636
0.2,0.2,1.0,1.0,6,0.67,0.635,0.625,-0.04500000000000004,2.7002570435102906,0.9522789530726337
0.2,0.2,1.0,1.0,7,0.71,0.73,0.73,0.020000000000000018,2.732553221712568,1.1893464531577735
0.2,0.2,1.0,1.0,8,0.675,0.665,0.655,-0.020000000000000018,2.8921843602917137,1.4178865416414328
0.2,0.2,1.0,1.0,9,0.76,0.8,0.78,0.020000000000000018,2.8838795630759297,1.606653733706216
0.2,0.2,1.0,1.5,0,0.775,0.8,0.785,0.010000000000000009,2.695696115289203,1.3589926322410617
0.2,0.2,1.0,1.5,1,0.82,0.855,0.835,0.015000000000000013,2.8455117269023726,1.6450379238215838
0.2,0.2,1.0,1.5,2,0.715,0.75,0.755,0.040000000000000036,2.931820696879497,1.9027076413431556
0.2,0.2,1.0,1.5,3,0.66,0.68,0.74,0.07999999999999996,2.803657608186432,1.7338790799279844
0.2,0.2,1.0,1.5,4,0.8,0.845,0.83,0.029999999999999916,2.8358964094333974,1.2720161206228
0.2,0.2,1.0,1.5,5,0.71,0.72,0.74,0.030000000000000027,2.3260778294553455,1.1439756606928413
0.2,0.2,1.0,1.5,6,0.715,0.655,0.62,-0.09499999999999997,2.240148707373314,0.8095124833470735
0.2,0.2,1.0,1.5,7,0.74,0.75,0.73,-0.010000000000000009,2.2951813699085513,1.0850175177600918
0.2,0.2,1.0,1.5,8,0.7,0.685,0.67,-0.029999999999999916,2.4285659551056624,1.202574385938005
0.2,0.2,1.0,1.5,9,0.77,0.78,0.79,0.020000000000000018,2.422872093863783,1.3343148947551111
0.2,0.2,1.0,2.0,0,0.77,0.77,0.8,0.030000000000000027,2.1987074724487217,1.3846338499270223
0.2,0.2,1.0,2.0,1,0.82,0.845,0.835,0.015000000000000013,2.4834475881041826,1.4879500527521388
0.2,0.2,1.0,2.0,2,0.705,0.755,0.75,0.04500000000000004,2.6840128146386597,1.7635178761399657
0.2,0.2,1.0,2.0,3,0.71,0.695,0.725,0.015000000000000013,2.637186377597821,1.5628321509133087
0.2,0.2,1.0,2.0,4,0.785,0.845,0.835,0.04999999999999993,2.446398327995517,1.2632091583716227
0.2,0.2,1.0,2.0,5,0.705,0.71,0.735,0.030000000000000027,2.0252665281338125,0.9720665504928533
0.2,0.2,1.0,2.0,6,0.725,0.67,0.61,-0.11499999999999999,1.8733517607438506,0.6933612890206023
0.2,0.2,1.0,2.0,7,0.76,0.775,0.745,-0.015000000000000013,1.9755899361142406,0.9685039150721656
0.2,0.2,1.0,2.0,8,0.715,0.71,0.69,-0.025000000000000022,2.150085727330654,1.0752218538295137
0.2,0.2,1.0,2.0,9,0.765,0.78,0.785,0.020000000000000018,2.1206420971777855,1.1719866007562487
0.2,0.2,1.0,3.0,0,0.77,0.79,0.795,0.025000000000000022,1.7226427856303004,1.140524846488411
0.2,0.2,1.0,3.0,1,0.825,0.855,0.845,0.020000000000000018,1.9254181906210277,1.210968216252547
0.2,0.2,1.0,3.0,2,0.72,0.76,0.73,0.010000000000000009,2.266653562154103,1.4835369624846084
0.2,0.2,1.0,3.0,3,0.715,0.72,0.74,0.025000000000000022,2.1707419042803444,1.2766335221813168
0.2,0.2,1.0,3.0,4,0.79,0.855,0.825,0.03499999999999992,1.998642003951824,1.1170050039501567
0.2,0.2,1.0,3.0,5,0.725,0.73,0.725,0.0,1.581442555488281,0.7065689454555941
0.2,0.2,1.0,3.0,6,0.71,0.655,0.635,-0.07499999999999996,1.4017097452697898,0.5299005150719127
0.2,0.2,1.0,3.0,7,0.765,0.78,0.765,0.0,1.5361930596357773,0.783091936685209
0.2,0.2,1.0,3.0,8,0.69,0.705,0.71,0.020000000000000018,1.576156752031951,0.7794264918316864
0.2,0.2,1.0,3.0,9,0.785,0.785,0.78,-0.0050000000000000044,1.693203986254993,0.9487061434791095
0.2,0.2,1.0,5.0,0,0.78,0.81,0.8,0.020000000000000018,1.1779655891501868,0.7978179576888524
0.2,0.2,1.0,5.0,1,0.845,0.86,0.855,0.010000000000000009,1.3190996035877072,0.880872417836785
0.2,0.2,1.0,5.0,2,0.75,0.76,0.765,0.015000000000000013,1.6769577625072996,1.0430949855818807
0.2,0.2,1.0,5.0,3,0.72,0.73,0.735,0.015000000000000013,1.414231649823282,0.7590635747430025
0.2,0.2,1.0,5.0,4,0.825,0.85,0.85,0.025000000000000022,1.3580927063528827,0.7414180380229923
0.2,0.2,1.0,5.0,5,0.73,0.735,0.72,-0.010000000000000009,1.1196471857364707,0.4944309028173468
0.2,0.2,1.0,5.0,6,0.705,0.655,0.635,-0.06999999999999995,0.9088084529078554,0.3528819887284385
0.2,0.2,1.0,5.0,7,0.77,0.78,0.76,-0.010000000000000009,1.0466628400514402,0.5417461802874287
0.2,0.2,1.0,5.0,8,0.72,0.72,0.705,-0.015000000000000013,0.9975170972714111,0.4653653240847263
0.2,0.2,1.0,5.0,9,0.78,0.785,0.775,-0.0050000000000000044,1.1320876727315459,0.6158592572717982
0.2,0.3,1.0,1.0,0,0.775,0.81,0.805,0.030000000000000027,3.3252560753686056,1.6250378918156787
0.2,0.3,1.0,1.0,1,0.82,0.815,0.83,0.010000000000000009,3.3139754651510067,1.8391201328265785
0.2,0.3,1.0,1.0,2,0.715,0.75,0.78,0.06500000000000006,3.297231262451056,2.152539471692403
0.2,0.3,1.0,1.0,3,0.68,0.695,0.735,0.05499999999999994,3.345615813179245,1.780147114830834
0.2,0.3,1.0,1.0,4,0.785,0.82,0.795,0.010000000000000009,3.421437596376099,1.5618674120150848
0.2,0.3,1.0,1.0,5,0.72,0.75,0.735,0.015000000000000013,2.7555433102433735,1.271191457157662
0.2,0.3,1.0,1.0,6,0.695,0.64,0.63,-0.06499999999999995,2.796982906057167,1.0073034273645545
0.2,0.3,1.0,1.0,7,0.71,0.76,0.74,0.030000000000000027,2.8071985211109785,1.2822066751202563
0.2,0.3,1.0,1.0,8,0.72,0.7,0.68,-0.039999999999999925,2.9617489866918816,1.472167445192788
0.2,0.3,1.0,1.0,9,0.765,0.8,0.78,0.015000000000000013,2.998117019270617,1.7095484413745197
0.2,0.3,1.0,1.5,0,0.78,0.815,0.8,0.020000000000000018,2.7898913336980318,1.4643199478270372
0.2,0.3,1.0,1.5,1,0.825,0.855,0.845,0.020000000000000018,2.905333664274262,1.704661059435602
0.2,0.3,1.0,1.5,2,0.715,0.765,0.77,0.05500000000000005,2.977364712037811,1.984968454691895
0.2,0.3,1.0,1.5,3,0.685,0.73,0.745,0.05999999999999994,2.9166623707450845,1.650406626689052
0.2,0.3,1.0,1.5,4,0.785,0.845,0.825,0.039999999999999925,2.843401409736097,1.4571816041752492
0.2,0.3,1.0,1.5,5,0.735,0.765,0.755,0.020000000000000018,2.4349777160991923,1.0974207653611352
0.2,0.3,1.0,1.5,6,0.73,0.665,0.62,-0.10999999999999999,2.3264710796060943,0.8535319770711216
0.2,0.3,1.0,1.5,7,0.755,0.76,0.73,-0.025000000000000022,2.3719492710453984,1.1708895557687966
0.2,0.3,1.0,1.5,8,0.73,0.71,0.685,-0.04499999999999993,2.522107425583737,1.2790127796108979
0.2,0.3,1.0,1.5,9,0.765,0.795,0.785,0.020000000000000018,2.506645298605236,1.3965768128513956
0.2,0.3,1.0,2.0,0,0.785,0.805,0.8,0.015000000000000013,2.293546860859296,1.4682682456692602
0.2,0.3,1.0,2.0,1,0.835,0.845,0.84,0.0050000000000000044,2.5389249937222136,1.5503656203863128
0.2,0.3,1.0,2.0,2,0.72,0.765,0.765,0.04500000000000004,2.724722533588466,1.8420406984327002
0.2,0.3,1.0,2.0,3,0.72,0.72,0.74,0.020000000000000018,2.721405953803469,1.516527627410689
0.2,0.3,1.0,2.0,4,0.79,0.855,0.845,0.05499999999999994,2.4852955625354562,1.334521016217381
0.2,0.3,1.0,2.0,5,0.735,0.74,0.755,0.020000000000000018,2.1265108577773755,0.9424900013854166
0.2,0.3,1.0,2.0,6,0.725,0.665,0.605,-0.12,1.9435365862538185,0.7364589819895849
0.2,0.3,1.0,2.0,7,0.765,0.78,0.755,-0.010000000000000009,2.050262811558006,1.0494809543300534
0.2,0.3,1.0,2.0,8,0.73,0.72,0.705,-0.025000000000000022,2.2222400990852536,1.1341576172561525
0.2,0.3,1.0,2.0,9,0.79,0.775,0.795,0.0050000000000000044,2.1878147966164154,1.2221211900294335
0.2,0.3,1.0,3.0,0,0.785,0.785,0.82,0.03499999999999992,1.81285370499742,1.2250424570843195
0.2,0.3,1.0,3.0,1,0.83,0.855,0.845,0.015000000000000013,1.9838526915674344,1.2787336136998457
0.2,0.3,1.0,3.0,2,0.73,0.75,0.75,0.020000000000000018,2.3098816969405,1.5580983743242378
0.2,0.3,1.0,3.0,3,0.73,0.735,0.75,0.020000000000000018,2.2482536756677205,1.2851159998342008
0.2,0.3,1.0,3.0,4,0.785,0.855,0.84,0.05499999999999994,2.0608766880770686,1.1969560572885876
0.2,0.3,1.0,3.0,5,0.735,0.755,0.745,0.010000000000000009,1.652518620744131,0.7167488316425819
0.2,0.3,1.0,3.0,6,0.74,0.685,0.655,-0.08499999999999996,1.4625843887969103,0.56579035426272
0.2,0.3,1.0,3.0,7,0.77,0.785,0.78,0.010000000000000009,1.6042781643382722,0.8566211480634851
0.2,0.3,1.0,3.0,8,0.715,0.72,0.72,0.0050000000000000044,1.656002264897905,0.8391804196934296
0.2,0.3,1.0,3.0,9,0.79,0.775,0.78,-0.010000000000000009,1.751584434202782,0.9973582297262656
0.2,0.3,1.0,5.0,0,0.795,0.81,0.815,0.019999999999999907,1.246868870072045,0.8672564699795186
0.2,0.3,1.0,5.0,1,0.845,0.87,0.865,0.020000000000000018,1.3764411782308354,0.9469955336520472
0.2,0.3,1.0,5.0,2,0.745,0.765,0.785,0.040000000000000036,1.7319216649066382,1.1120886509397228
0.2,0.3,1.0,5.0,3,0.73,0.765,0.75,0.020000000000000018,1.4859310843203914,0.809882538776497
0.2,0.3,1.0,5.0,4,0.83,0.875,0.86,0.030000000000000027,1.427719392462052,0.8106416973680303
0.2,0.3,1.0,5.0,5,0.745,0.75,0.735,-0.010000000000000009,1.1695941771537743,0.5197451608090841
0.2,0.3,1.0,5.0,6,0.73,0.675,0.665,-0.06499999999999995,0.952217909078857,0.3798158871626424
0.2,0.3,1.0,5.0,7,0.79,0.775,0.775,-0.015000000000000013,1.1057787475772765,0.6023954082253938
0.2,0.3,1.0,5.0,8,0.735,0.72,0.72,-0.015000000000000013,1.0615879456248867,0.5099863148193378
0.2,0.3,1.0,5.0,9,0.785,0.785,0.785,0.0,1.187487861043475,0.6579768696439307
0.2,0.5,1.0,1.0,0,0.795,0.84,0.82,0.02499999999999991,3.460052065988122,1.7925800911745222
0.2,0.5,1.0,1.0,1,0.83,0.84,0.84,0.010000000000000009,3.3783755414673657,1.9159227219247463
0.2,0.5,1.0,1.0,2,0.73,0.765,0.805,0.07500000000000007,3.3609537491459505,2.2514616478536773
0.2,0.5,1.0,1.0,3,0.72,0.75,0.745,0.025000000000000022,3.444421495866401,1.7702204987650283
0.2,0.5,1.0,1.0,4,0.795,0.85,0.845,0.04999999999999993,3.4943234586200127,1.5591981001610522
0.2,0.5,1.0,1.0,5,0.745,0.795,0.74,-0.0050000000000000044,2.9329415562230725,1.3456743264963942
0.2,0.5,1.0,1.0,6,0.715,0.64,0.64,-0.07499999999999996,2.9408465213948842,1.0857934121033697
0.2,0.5,1.0,1.0,7,0.755,0.77,0.735,-0.020000000000000018,2.9216291468492317,1.4319292728433566
0.2,0.5,1.0,1.0,8,0.725,0.75,0.725,0.0,3.0241926669078247,1.5858499065436047
0.2,0.5,1.0,1.0,9,0.755,0.82,0.78,0.025000000000000022,3.150320814627975,1.846855660041268
0.2,0.5,1.0,1.5,0,0.815,0.835,0.8,-0.014999999999999902,2.9309036233319308,1.6522053945389406
0.2,0.5,1.0,1.5,1,0.835,0.855,0.845,0.010000000000000009,2.9996573488325464,1.7978351058260449
0.2,0.5,1.0,1.5,2,0.72,0.785,0.8,0.08000000000000007,3.0602426874978375,2.146329895787376
0.2,0.5,1.0,1.5,3,0.75,0.75,0.75,0.0,3.0658188297133813,1.6400627988861276
0.2,0.5,1.0,1.5,4,0.8,0.85,0.84,0.039999999999999925,2.9069899590084147,1.5785877842700087
0.2,0.5,1.0,1.5,5,0.755,0.795,0.78,0.025000000000000022,2.632733514256896,1.2078870706867786
0.2,0.5,1.0,1.5,6,0.745,0.675,0.645,-0.09999999999999998,2.446059016440044,0.9360670719065618
0.2,0.5,1.0,1.5,7,0.775,0.78,0.77,-0.0050000000000000044,2.5011418861503767,1.3252459148277809
0.2,0.5,1.0,1.5,8,0.74,0.75,0.73,-0.010000000000000009,2.6705973169607478,1.4122409086604597
0.2,0.5,1.0,1.5,9,0.785,0.815,0.805,0.020000000000000018,2.634022923336973,1.502665409542546
0.2,0.5,1.0,2.0,0,0.815,0.8,0.815,0.0,2.4664096440915775,1.615772223005272
0.2,0.5,1.0,2.0,1,0.845,0.845,0.845,0.0,2.634941413485038,1.6521442937438775
0.2,0.5,1.0,2.0,2,0.705,0.765,0.765,0.06000000000000005,2.7850287298552314,1.9870608527650524
0.2,0.5,1.0,2.0,3,0.745,0.745,0.735,-0.010000000000000009,2.8701743323730025,1.5766255229639494
0.2,0.5,1.0,2.0,4,0.79,0.86,0.85,0.05999999999999994,2.5603790644488864,1.4778163575173615
0.2,0.5,1.0,2.0,5,0.76,0.785,0.775,0.015000000000000013,2.3152795961532324,1.0574694522985328
0.2,0.5,1.0,2.0,6,0.745,0.685,0.66,-0.08499999999999996,2.057499671799065,0.8131707730313406
0.2,0.5,1.0,2.0,7,0.8,0.8,0.77,-0.030000000000000027,2.1809544293623744,1.2043461727125842
0.2,0.5,1.0,2.0,8,0.75,0.755,0.715,-0.03500000000000003,2.36057231728085,1.2571499700509077
0.2,0.5,1.0,2.0,9,0.82,0.805,0.805,-0.014999999999999902,2.3068438963705877,1.3156009096731032
0.2,0.5,1.0,3.0,0,0.79,0.805,0.825,0.03499999999999992,1.978737575568449,1.3830787581812556
0.2,0.5,1.0,3.0,1,0.84,0.865,0.85,0.010000000000000009,2.0743222603905895,1.4012832489672276
0.2,0.5,1.0,3.0,2,0.73,0.775,0.785,0.05500000000000005,2.3856731405908085,1.6867669639090836
0.2,0.5,1.0,3.0,3,0.755,0.755,0.765,0.010000000000000009,2.367289545049457,1.3530426960428854
0.2,0.5,1.0,3.0,4,0.795,0.865,0.85,0.05499999999999994,2.1548699070471966,1.325499171283807
0.2,0.5,1.0,3.0,5,0.765,0.785,0.78,0.015000000000000013,1.8079893273618064,0.7950671448864648
0.2,0.5,1.0,3.0,6,0.76,0.71,0.685,-0.07499999999999996,1.5598118170149993,0.6267051506734019
0.2,0.5,1.0,3.0,7,0.81,0.805,0.79,-0.020000000000000018,1.7240320752850975,0.9950616204357972
0.2,0.5,1.0,3.0,8,0.755,0.76,0.75,-0.0050000000000000044,1.77868964981808,0.9411047570240205
0.2,0.5,1.0,3.0,9,0.795,0.8,0.8,0.0050000000000000044,1.8575301858626512,1.0847963346064575
0.2,0.5,1.0,5.0,0,0.8,0.82,0.82,0.019999999999999907,1.3777039307151009,1.0026454581682531
0.2,0.5,1.0,5.0,1,0.84,0.87,0.87,0.030000000000000027,1.4739017342769634,1.0703596175399372
0.2,0.5,1.0,5.0,2,0.75,0.775,0.785,0.03500000000000003,1.8251382548992299,1.2410590696442583
0.2,0.5,1.0,5.0,3,0.755,0.77,0.76,0.0050000000000000044,1.6225499474903557,0.924074775258523
0.2,0.5,1.0,5.0,4,0.83,0.88,0.88,0.050000000000000044,1.5425238995276565,0.9337569556449412
0.2,0.5,1.0,5.0,5,0.765,0.78,0.78,0.015000000000000013,1.2662949026253096,0.572415250843554
0.2,0.5,1.0,5.0,6,0.77,0.73,0.71,-0.06000000000000005,1.0284627668458624,0.42938058892820713
0.2,0.5,1.0,5.0,7,0.805,0.805,0.785,-0.020000000000000018,1.2124470229740936,0.7188270419897368
0.2,0.5,1.0,5.0,8,0.765,0.75,0.73,-0.03500000000000003,1.1725878830371064,0.592829802779334
0.2,0.5,1.0,5.0,9,0.8,0.815,0.8,0.0,1.287777346250654,0.7397218111340055
0.3,0.1,1.0,1.0,0,0.785,0.685,0.735,-0.050000000000000044,2.955901799733474,1.9034625155234994
0.3,0.1,1.0,1.0,1,0.82,0.785,0.835,0.015000000000000013,3.242342693070069,1.8744358103600212
0.3,0.1,1.0,1.0,2,0.735,0.73,0.78,0.04500000000000004,3.29693462691641,2.1669264888837434
0.3,0.1,1.0,1.0,3,0.675,0.565,0.715,0.039999999999999925,2.905820497906022,2.029568797984363
0.3,0.1,1.0,1.0,4,0.795,0.615,0.76,-0.03500000000000003,3.3190683977339823,2.1951485069824965
0.3,0.1,1.0,1.0,5,0.695,0.64,0.73,0.03500000000000003,2.662271839235185,1.472243995354056
0.3,0.1,1.0,1.0,6,0.68,0.645,0.61,-0.07000000000000006,2.681963742622203,0.9299613237038815
0.3,0.1,1.0,1.0,7,0.71,0.73,0.73,0.020000000000000018,2.6986131287401918,1.1495782462726682
0.3,0.1,1.0,1.0,8,0.665,0.615,0.655,-0.010000000000000009,2.8045616219082206,1.3523768154228983
0.3,0.1,1.0,1.0,9,0.76,0.82,0.79,0.030000000000000027,2.7775765631071683,1.5001334849916872
0.3,0.1,1.0,1.5,0,0.785,0.795,0.785,0.0,2.6926496825442645,1.3482449364440316
0.3,0.1,1.0,1.5,1,0.83,0.845,0.835,0.0050000000000000044,2.810728259981263,1.6464697767037035
0.3,0.1,1.0,1.5,2,0.725,0.735,0.76,0.03500000000000003,2.939539455970289,1.8671295694966705
0.3,0.1,1.0,1.5,3,0.68,0.56,0.73,0.04999999999999993,2.656451935585203,2.024122459592545
0.3,0.1,1.0,1.5,4,0.81,0.795,0.805,-0.0050000000000000044,2.760310609321042,1.3623860871644775
0.3,0.1,1.0,1.5,5,0.69,0.655,0.72,0.030000000000000027,2.3124560076195873,1.2924999194557418
0.3,0.1,1.0,1.5,6,0.705,0.655,0.63,-0.07499999999999996,2.2400681239775366,0.7992861447426123
0.3,0.1,1.0,1.5,7,0.74,0.74,0.73,-0.010000000000000009,2.274487024242843,1.055705502779236
0.3,0.1,1.0,1.5,8,0.695,0.69,0.675,-0.019999999999999907,2.337597646918386,1.0900951571467274
0.3,0.1,1.0,1.5,9,0.76,0.775,0.78,0.020000000000000018,2.380708448003816,1.2888245418720663
0.3,0.1,1.0,2.0,0,0.77,0.77,0.81,0.040000000000000036,2.190424890837384,1.3924481502753066
0.3,0.1,1.0,2.0,1,0.83,0.835,0.83,0.0,2.4616438332265393,1.4842461821205837
0.3,0.1,1.0,2.0,2,0.72,0.75,0.74,0.020000000000000018,2.6894939419487853,1.706943343068929
0.3,0.1,1.0,2.0,3,0.695,0.67,0.745,0.050000000000000044,2.5570086239956513,1.7170139918964624
0.3,0.1,1.0,2.0,4,0.79,0.835,0.835,0.04499999999999993,2.4225629036508742,1.2591336997579416
0.3,0.1,1.0,2.0,5,0.705,0.665,0.725,0.020000000000000018,2.0130866273169388,1.1160835643468636
0.3,0.1,1.0,2.0,6,0.72,0.675,0.61,-0.10999999999999999,1.8713619594013193,0.680926377513249
0.3,0.1,1.0,2.0,7,0.76,0.775,0.74,-0.020000000000000018,1.9602594958854325,0.9430173181512612
0.3,0.1,1.0,2.0,8,0.705,0.69,0.68,-0.02499999999999991,2.0634303544259076,0.9838920557641466
0.3,0.1,1.0,2.0,9,0.775,0.78,0.785,0.010000000000000009,2.095282222435785,1.139135120374282
0.3,0.1,1.0,3.0,0,0.77,0.795,0.805,0.03500000000000003,1.7127869399723454,1.1282952142098555
0.3,0.1,1.0,3.0,1,0.85,0.85,0.84,-0.010000000000000009,1.897628073550215,1.1853745572832362
0.3,0.1,1.0,3.0,2,0.735,0.745,0.735,0.0,2.2525396052081117,1.4185727738796612
0.3,0.1,1.0,3.0,3,0.705,0.715,0.75,0.04500000000000004,2.084132850025841,1.3037413185651083
0.3,0.1,1.0,3.0,4,0.8,0.85,0.825,0.02499999999999991,1.9916093729603659,1.1062432160278073
0.3,0.1,1.0,3.0,5,0.73,0.71,0.73,0.0,1.5898158488255434,0.8123285030662839
0.3,0.1,1.0,3.0,6,0.7,0.65,0.63,-0.06999999999999995,1.4028989251971904,0.522197803480507
0.3,0.1,1.0,3.0,7,0.765,0.765,0.775,0.010000000000000009,1.5243371588526176,0.7632992555327521
0.3,0.1,1.0,3.0,8,0.705,0.695,0.715,0.010000000000000009,1.4951602599849199,0.6988179221795966
0.3,0.1,1.0,3.0,9,0.785,0.78,0.78,-0.0050000000000000044,1.6762341808664545,0.9254728193540807
0.3,0.1,1.0,5.0,0,0.79,0.815,0.8,0.010000000000000009,1.1713325675422035,0.789405728360263
0.3,0.1,1.0,5.0,1,0.855,0.855,0.855,0.0,1.29175790603609,0.8503792982781107
0.3,0.1,1.0,5.0,2,0.74,0.755,0.755,0.015000000000000013,1.6528259764892375,0.9976540686409042
0.3,0.1,1.0,5.0,3,0.715,0.73,0.735,0.020000000000000018,1.3858388970199382,0.7457464953925114
0.3,0.1,1.0,5.0,4,0.845,0.855,0.85,0.0050000000000000044,1.3435777659566777,0.722093850679037
0.3,0.1,1.0,5.0,5,0.72,0.725,0.715,-0.0050000000000000044,1.1254768107040412,0.5276795430338956
0.3,0.1,1.0,5.0,6,0.705,0.655,0.635,-0.06999999999999995,0.9088099293618306,0.3485017141071887
0.3,0.1,1.0,5.0,7,0.78,0.77,0.76,-0.020000000000000018,1.0424945859751258,0.5340545495226287
0.3,0.1,1.0,5.0,8,0.715,0.71,0.705,-0.010000000000000009,0.9842557749399705,0.44829068140928774
0.3,0.1,1.0,5.0,9,0.785,0.78,0.77,-0.015000000000000013,1.118388646329654,0.5998139161297342
0.3,0.2,1.0,1.0,0,0.78,0.815,0.775,-0.0050000000000000044,3.2766707002474034,1.6093991527535871
0.3,0.2,1.0,1.0,1,0.83,0.81,0.82,-0.010000000000000009,3.273046065126333,1.8234683539253114
0.3,0.2,1.0,1.0,2,0.735,0.745,0.78,0.04500000000000004,3.3059228240140657,2.163177049832711
0.3,0.2,1.0,1.0,3,0.685,0.695,0.715,0.029999999999999916,2.9560079943657174,1.83226978743334
0.3,0.2,1.0,1.0,4,0.81,0.72,0.76,-0.050000000000000044,3.456348132293659,1.9283828648789743
0.3,0.2,1.0,1.0,5,0.685,0.71,0.73,0.04499999999999993,2.7284788095535593,1.364406604482097
0.3,0.2,1.0,1.0,6,0.69,0.64,0.625,-0.06499999999999995,2.7894643977270075,0.9873981974363975
0.3,0.2,1.0,1.0,7,0.725,0.74,0.735,0.010000000000000009,2.7821745273169913,1.2487197344295766
0.3,0.2,1.0,1.0,8,0.705,0.69,0.685,-0.019999999999999907,2.790060432660413,1.3273818104462998
0.3,0.2,1.0,1.0,9,0.77,0.805,0.79,0.020000000000000018,2.9113885143076845,1.615854519835283
0.3,0.2,1.0,1.5,0,0.78,0.805,0.795,0.015000000000000013,2.782378793657549,1.4569478266083609
0.3,0.2,1.0,1.5,1,0.83,0.85,0.84,0.010000000000000009,2.867191907821259,1.6875157078089902
0.3,0.2,1.0,1.5,2,0.745,0.755,0.765,0.020000000000000018,2.9868611264537255,1.9439412422332978
0.3,0.2,1.0,1.5,3,0.685,0.69,0.73,0.04499999999999993,2.817290994418396,1.7443285284515726
0.3,0.2,1.0,1.5,4,0.795,0.85,0.82,0.02499999999999991,2.8315641628227195,1.4485029603616135
0.3,0.2,1.0,1.5,5,0.725,0.715,0.74,0.015000000000000013,2.384931514435504,1.2037511425004244
0.3,0.2,1.0,1.5,6,0.725,0.665,0.625,-0.09999999999999998,2.3278355204149728,0.8414050341010144
0.3,0.2,1.0,1.5,7,0.76,0.76,0.73,-0.030000000000000027,2.3539098699732723,1.1396849346907487
0.3,0.2,1.0,1.5,8,0.73,0.705,0.68,-0.04999999999999993,2.425988500996933,1.1598925923250052
0.3,0.2,1.0,1.5,9,0.765,0.785,0.8,0.03500000000000003,2.467727689693005,1.3603200676880807
0.3,0.2,1.0,2.0,0,0.79,0.795,0.805,0.015000000000000013,2.291080500432245,1.4729354044216465
0.3,0.2,1.0,2.0,1,0.845,0.84,0.835,-0.010000000000000009,2.5278227216330644,1.5453960597909224
0.3,0.2,1.0,2.0,2,0.735,0.755,0.76,0.025000000000000022,2.7331253179854427,1.7939859504874875
0.3,0.2,1.0,2.0,3,0.72,0.72,0.745,0.025000000000000022,2.6623832176164894,1.5588107812313834
0.3,0.2,1.0,2.0,4,0.795,0.845,0.835,0.039999999999999925,2.4703343910645224,1.3055231789393205
0.3,0.2,1.0,2.0,5,0.715,0.71,0.735,0.020000000000000018,2.090726575419436,1.0372823532183626
0.3,0.2,1.0,2.0,6,0.73,0.665,0.605,-0.125,1.9452573801162132,0.724428625694775
0.3,0.2,1.0,2.0,7,0.765,0.77,0.75,-0.015000000000000013,2.0360542803036457,1.0259400255248314
0.3,0.2,1.0,2.0,8,0.735,0.715,0.695,-0.040000000000000036,2.1448809049540962,1.0415592633062913
0.3,0.2,1.0,2.0,9,0.795,0.785,0.805,0.010000000000000009,2.1549016518706803,1.1831419825796161
0.3,0.2,1.0,3.0,0,0.79,0.785,0.815,0.02499999999999991,1.801855409012643,1.2114763105394357
0.3,0.2,1.0,3.0,1,0.855,0.85,0.845,-0.010000000000000009,1.9560299129969496,1.2507958688016536
0.3,0.2,1.0,3.0,2,0.74,0.745,0.75,0.010000000000000009,2.2973777173524397,1.492215846549338
0.3,0.2,1.0,3.0,3,0.73,0.73,0.75,0.020000000000000018,2.191591473109999,1.2881683860107942
0.3,0.2,1.0,3.0,4,0.8,0.86,0.845,0.04499999999999993,2.043061658999173,1.168531760646822
0.3,0.2,1.0,3.0,5,0.735,0.725,0.73,-0.0050000000000000044,1.648314362778638,0.7787645338241732
0.3,0.2,1.0,3.0,6,0.73,0.685,0.65,-0.07999999999999996,1.4624126917711613,0.5570923159260353
0.3,0.2,1.0,3.0,7,0.77,0.79,0.775,0.0050000000000000044,1.5931728201982265,0.8363410040310462
0.3,0.2,1.0,3.0,8,0.73,0.715,0.72,-0.010000000000000009,1.5728450738064226,0.7513364668687469
0.3,0.2,1.0,3.0,9,0.79,0.78,0.78,-0.010000000000000009,1.7323357807820456,0.9710267805793841
0.3,0.2,1.0,5.0,0,0.805,0.815,0.81,0.0050000000000000044,1.2381832553345382,0.8551441635155014
0.3,0.2,1.0,5.0,1,0.86,0.865,0.86,0.0,1.3476300944234265,0.9154490402593223
0.3,0.2,1.0,5.0,2,0.745,0.77,0.775,0.030000000000000027,1.7083269430626427,1.065160471199437
0.3,0.2,1.0,5.0,3,0.73,0.76,0.74,0.010000000000000009,1.4564575553802603,0.7920280361924654
0.3,0.2,1.0,5.0,4,0.835,0.87,0.855,0.020000000000000018,1.4118285840659224,0.7880799978413742
0.3,0.2,1.0,5.0,5,0.735,0.75,0.735,0.0,1.1726092981397187,0.5490630956267786
0.3,0.2,1.0,5.0,6,0.73,0.68,0.65,-0.07999999999999996,0.9533623174469011,0.3755795518067416
0.3,0.2,1.0,5.0,7,0.79,0.78,0.775,-0.015000000000000013,1.1012237265033156,0.5937919720573632
0.3,0.2,1.0,5.0,8,0.725,0.72,0.72,-0.0050000000000000044,1.0480330449654853,0.491239545288789
0.3,0.2,1.0,5.0,9,0.785,0.79,0.78,-0.0050000000000000044,1.1740119063010905,0.6418637087191579
0.3,0.3,1.0,1.0,0,0.795,0.825,0.815,0.019999999999999907,3.370024169546274,1.7024459288934022
0.3,0.3,1.0,1.0,1,0.84,0.825,0.84,0.0,3.3617996915773904,1.9143307526803124
0.3,0.3,1.0,1.0,2,0.735,0.745,0.78,0.04500000000000004,3.3246938855976658,2.1889858797278774
0.3,0.3,1.0,1.0,3,0.725,0.735,0.73,0.0050000000000000044,3.2572941942218283,1.7760038537342715
0.3,0.3,1.0,1.0,4,0.8,0.825,0.795,-0.0050000000000000044,3.398684758139574,1.622554423353411
0.3,0.3,1.0,1.0,5,0.725,0.75,0.73,0.0050000000000000044,2.809531143007388,1.3125444090734106
0.3,0.3,1.0,1.0,6,0.71,0.65,0.635,-0.07499999999999996,2.873249643793715,1.0338704013867
0.3,0.3,1.0,1.0,7,0.745,0.77,0.73,-0.015000000000000013,2.8449414717134687,1.3312730055041029
0.3,0.3,1.0,1.0,8,0.745,0.73,0.71,-0.03500000000000003,2.8257896310397395,1.360597723468464
0.3,0.3,1.0,1.0,9,0.775,0.81,0.795,0.020000000000000018,2.993730137833536,1.6886036434741607
0.3,0.3,1.0,1.5,0,0.805,0.815,0.8,-0.0050000000000000044,2.850400282906758,1.5566216116319014
0.3,0.3,1.0,1.5,1,0.845,0.855,0.84,-0.0050000000000000044,2.939275373270436,1.7657924884832497
0.3,0.3,1.0,1.5,2,0.745,0.76,0.78,0.03500000000000003,3.025973576299417,2.0211877627732893
0.3,0.3,1.0,1.5,3,0.705,0.74,0.73,0.025000000000000022,2.9347578355956396,1.6605859898670332
0.3,0.3,1.0,1.5,4,0.8,0.845,0.835,0.03499999999999992,2.8516620532838353,1.4921348665978922
0.3,0.3,1.0,1.5,5,0.745,0.755,0.755,0.010000000000000009,2.482644048572015,1.1514237712070123
0.3,0.3,1.0,1.5,6,0.74,0.66,0.625,-0.11499999999999999,2.3947137266654073,0.8801812238645895
0.3,0.3,1.0,1.5,7,0.76,0.77,0.735,-0.025000000000000022,2.425478543268431,1.2226628681358576
0.3,0.3,1.0,1.5,8,0.74,0.745,0.7,-0.040000000000000036,2.5065195526449644,1.2249489141117378
0.3,0.3,1.0,1.5,9,0.785,0.8,0.795,0.010000000000000009,2.546605732143897,1.4227292557264173
0.3,0.3,1.0,2.0,0,0.815,0.805,0.81,-0.004999999999999893,2.3774143540703636,1.5471008321702784
0.3,0.3,1.0,2.0,1,0.855,0.84,0.84,-0.015000000000000013,2.5738601096943476,1.6038396743270835
0.3,0.3,1.0,2.0,2,0.735,0.78,0.77,0.03500000000000003,2.767779750827159,1.8650682192667734
0.3,0.3,1.0,2.0,3,0.74,0.73,0.745,0.0050000000000000044,2.718986792368848,1.5224232415458083
0.3,0.3,1.0,2.0,4,0.805,0.86,0.845,0.039999999999999925,2.51293010531442,1.3669003663023562
0.3,0.3,1.0,2.0,5,0.74,0.755,0.75,0.010000000000000009,2.183676879800118,1.0014135208624966
0.3,0.3,1.0,2.0,6,0.74,0.67,0.63,-0.10999999999999999,2.009335949496495,0.7649888632289855
0.3,0.3,1.0,2.0,7,0.78,0.79,0.75,-0.030000000000000027,2.1063319972073464,1.1061812367256214
0.3,0.3,1.0,2.0,8,0.75,0.74,0.715,-0.03500000000000003,2.2190137867876722,1.102761886291935
0.3,0.3,1.0,2.0,9,0.81,0.785,0.8,-0.010000000000000009,2.217437499595023,1.227945052239667
0.3,0.3,1.0,3.0,0,0.795,0.79,0.82,0.02499999999999991,1.8874492435620953,1.2922317473209863
0.3,0.3,1.0,3.0,1,0.86,0.85,0.84,-0.020000000000000018,2.0075160778841763,1.3123973742773967
0.3,0.3,1.0,3.0,2,0.745,0.75,0.775,0.030000000000000027,2.3370214208110074,1.55895457548826
0.3,0.3,1.0,3.0,3,0.745,0.75,0.76,0.015000000000000013,2.261378477449762,1.2995282555974383
0.3,0.3,1.0,3.0,4,0.8,0.855,0.85,0.04999999999999993,2.0952663671652996,1.2309565605661263
0.3,0.3,1.0,3.0,5,0.745,0.755,0.755,0.010000000000000009,1.713439493678842,0.7805686448063115
0.3,0.3,1.0,3.0,6,0.77,0.71,0.655,-0.11499999999999999,1.5150019687797447,0.5882087676562123
0.3,0.3,1.0,3.0,7,0.795,0.795,0.78,-0.015000000000000013,1.6563291948677863,0.9064831414712464
0.3,0.3,1.0,3.0,8,0.75,0.73,0.72,-0.030000000000000027,1.650030762643902,0.8069355657862275
0.3,0.3,1.0,3.0,9,0.795,0.78,0.785,-0.010000000000000009,1.7860195022196017,1.0152077540326383
0.3,0.3,1.0,5.0,0,0.81,0.815,0.815,0.004999999999999893,1.3050532652775961,0.921428204321459
0.3,0.3,1.0,5.0,1,0.865,0.875,0.87,0.0050000000000000044,1.3958217898361094,0.9765313458274184
0.3,0.3,1.0,5.0,2,0.76,0.765,0.78,0.020000000000000018,1.7563879449140902,1.1284440614072866
0.3,0.3,1.0,5.0,3,0.73,0.765,0.755,0.025000000000000022,1.525369456954997,0.8444538038591677
0.3,0.3,1.0,5.0,4,0.84,0.875,0.87,0.030000000000000027,1.4732855393335609,0.8511966012414034
0.3,0.3,1.0,5.0,5,0.755,0.77,0.765,0.010000000000000009,1.2185914696807223,0.5704657310673091
0.3,0.3,1.0,5.0,6,0.745,0.7,0.695,-0.050000000000000044,0.9916397991895568,0.3992265893871841
0.3,0.3,1.0,5.0,7,0.8,0.795,0.775,-0.025000000000000022,1.155910125009836,0.651809980046292
0.3,0.3,1.0,5.0,8,0.745,0.735,0.72,-0.025000000000000022,1.1063533835512778,0.5323867054463336
0.3,0.3,1.0,5.0,9,0.795,0.795,0.785,-0.010000000000000009,1.2256697779217838,0.6821299014139258
0.3,0.5,1.0,1.0,0,0.805,0.835,0.85,0.04499999999999993,3.4696694321041184,1.870392386766444
0.3,0.5,1.0,1.0,1,0.845,0.845,0.84,-0.0050000000000000044,3.400242796761737,1.955599825833965
0.3,0.5,1.0,1.0,2,0.74,0.77,0.795,0.05500000000000005,3.367807578841847,2.250525436613536
0.3,0.5,1.0,1.0,3,0.73,0.75,0.75,0.020000000000000018,3.4499401196386597,1.7857420630247913
0.3,0.5,1.0,1.0,4,0.82,0.88,0.855,0.03500000000000003,3.485021877280086,1.5778526494259397
0.3,0.5,1.0,1.0,5,0.755,0.795,0.735,-0.020000000000000018,2.980752738313313,1.359577426880295
0.3,0.5,1.0,1.0,6,0.715,0.67,0.645,-0.06999999999999995,2.983142820706574,1.1094752306190525
0.3,0.5,1.0,1.0,7,0.765,0.78,0.735,-0.030000000000000027,2.958701713851421,1.4809357077957612
0.3,0.5,1.0,1.0,8,0.765,0.76,0.73,-0.03500000000000003,2.9874300825064943,1.5240495194062256
0.3,0.5,1.0,1.0,9,0.77,0.82,0.8,0.030000000000000027,3.137146667158533,1.8255589683717375
0.3,0.5,1.0,1.5,0,0.815,0.83,0.81,-0.004999999999999893,2.9565957941398766,1.7373211451007733
0.3,0.5,1.0,1.5,1,0.845,0.855,0.86,0.015000000000000013,3.020592382611552,1.8509669649972764
0.3,0.5,1.0,1.5,2,0.74,0.785,0.79,0.050000000000000044,3.0832404404360987,2.1263682463793425
0.3,0.5,1.0,1.5,3,0.76,0.78,0.76,0.0,3.0554697130079536,1.660482866421126
0.3,0.5,1.0,1.5,4,0.81,0.845,0.835,0.02499999999999991,2.9143144402666668,1.5912597272558753
0.3,0.5,1.0,1.5,5,0.76,0.8,0.775,0.015000000000000013,2.6802558341451204,1.2331249332464116
0.3,0.5,1.0,1.5,6,0.775,0.68,0.66,-0.11499999999999999,2.489479433304967,0.952045649530579
0.3,0.5,1.0,1.5,7,0.79,0.78,0.765,-0.025000000000000022,2.5495120757384604,1.3771699306997163
0.3,0.5,1.0,1.5,8,0.77,0.755,0.73,-0.040000000000000036,2.6487340039012928,1.3689457049496339
0.3,0.5,1.0,1.5,9,0.815,0.825,0.815,0.0,2.6456589805965876,1.4947875311654013
0.3,0.5,1.0,2.0,0,0.815,0.8,0.81,-0.004999999999999893,2.5413338169471826,1.6832441497813073
0.3,0.5,1.0,2.0,1,0.855,0.845,0.85,-0.0050000000000000044,2.669690289786568,1.7075459756565206
0.3,0.5,1.0,2.0,2,0.725,0.77,0.78,0.05500000000000005,2.825538350819687,1.9874095302422006
0.3,0.5,1.0,2.0,3,0.77,0.735,0.75,-0.020000000000000018,2.86084388580964,1.5845617766381002
0.3,0.5,1.0,2.0,4,0.8,0.865,0.855,0.05499999999999994,2.593131786777718,1.4771152821619802
0.3,0.5,1.0,2.0,5,0.785,0.79,0.77,-0.015000000000000013,2.3640905335944846,1.0900310342635307
0.3,0.5,1.0,2.0,6,0.76,0.695,0.675,-0.08499999999999996,2.108186655369949,0.8315400396797861
0.3,0.5,1.0,2.0,7,0.815,0.805,0.775,-0.039999999999999925,2.2276770470340046,1.2525809972850168
0.3,0.5,1.0,2.0,8,0.785,0.755,0.735,-0.050000000000000044,2.3451234258959874,1.217562857921328
0.3,0.5,1.0,2.0,9,0.825,0.815,0.815,-0.010000000000000009,2.322730383057305,1.3171329426339498
0.3,0.5,1.0,3.0,0,0.8,0.81,0.83,0.029999999999999916,2.0469398695004615,1.4443529344075665
0.3,0.5,1.0,3.0,1,0.86,0.865,0.85,-0.010000000000000009,2.0978843832269094,1.4341042256574787
0.3,0.5,1.0,3.0,2,0.735,0.77,0.785,0.050000000000000044,2.404490675169436,1.6822854359056283
0.3,0.5,1.0,3.0,3,0.785,0.745,0.77,-0.015000000000000013,2.382613839663351,1.373206972695026
0.3,0.5,1.0,3.0,4,0.81,0.865,0.86,0.04999999999999993,2.1759256741713893,1.3397601960374836
0.3,0.5,1.0,3.0,5,0.765,0.785,0.785,0.020000000000000018,1.8572268089541302,0.8420753572905676
0.3,0.5,1.0,3.0,6,0.775,0.725,0.705,-0.07000000000000006,1.6081890444968496,0.6519214586196301
0.3,0.5,1.0,3.0,7,0.81,0.815,0.785,-0.025000000000000022,1.767310440667658,1.0398752842339831
0.3,0.5,1.0,3.0,8,0.77,0.76,0.765,-0.0050000000000000044,1.7795559143717696,0.9148632215152539
0.3,0.5,1.0,3.0,9,0.805,0.815,0.815,0.009999999999999898,1.8838911365888222,1.0931897369968657
0.3,0.5,1.0,5.0,0,0.81,0.83,0.83,0.019999999999999907,1.4306060928001383,1.0520232940333778
0.3,0.5,1.0,5.0,1,0.855,0.88,0.87,0.015000000000000013,1.4923175685764605,1.096110180420312
0.3,0.5,1.0,5.0,2,0.75,0.795,0.79,0.040000000000000036,1.8402576869436948,1.249208599232285
0.3,0.5,1.0,5.0,3,0.78,0.79,0.775,-0.0050000000000000044,1.6555399566982123,0.958520510073922
0.3,0.5,1.0,5.0,4,0.84,0.885,0.88,0.040000000000000036,1.5723980612467592,0.9609923275365674
0.3,0.5,1.0,5.0,5,0.785,0.79,0.785,0.0,1.30801542353682,0.6138978318799484
0.3,0.5,1.0,5.0,6,0.795,0.75,0.73,-0.06500000000000006,1.065973061997078,0.4510344686611257
0.3,0.5,1.0,5.0,7,0.805,0.805,0.805,0.0,1.253498111078284,0.7620526931223495
0.3,0.5,1.0,5.0,8,0.77,0.76,0.755,-0.015000000000000013,1.2084903407002812,0.6090551941238806
0.3,0.5,1.0,5.0,9,0.8,0.805,0.795,-0.0050000000000000044,1.3247199150267133,0.7619249546414933
