seed,condition,T_max,t,accuracy
0,baseline,3,1,0.735000
0,baseline,3,2,0.775000
0,baseline,3,3,0.775000
0,group_a,3,1,0.735000
0,group_a,3,2,0.735000
0,group_a,3,3,0.735000
0,group_c1,3,1,0.735000
0,group_c1,3,2,0.643833
0,group_c1,3,3,0.649500
0,group_c2,3,1,0.735000
0,group_c2,3,2,0.745000
0,group_c2,3,3,0.735000
0,baseline,5,1,0.735000
0,baseline,5,2,0.775000
0,baseline,5,3,0.775000
0,baseline,5,4,0.760000
0,baseline,5,5,0.750000
0,group_a,5,1,0.735000
0,group_a,5,2,0.735000
0,group_a,5,3,0.735000
0,group_a,5,4,0.735000
0,group_a,5,5,0.735000
0,group_c1,5,1,0.735000
0,group_c1,5,2,0.646000
0,group_c1,5,3,0.644333
0,group_c1,5,4,0.639667
0,group_c1,5,5,0.646833
0,group_c2,5,1,0.735000
0,group_c2,5,2,0.745000
0,group_c2,5,3,0.735000
0,group_c2,5,4,0.765000
0,group_c2,5,5,0.720000
0,baseline,7,1,0.735000
0,baseline,7,2,0.775000
0,baseline,7,3,0.775000
0,baseline,7,4,0.760000
0,baseline,7,5,0.750000
0,baseline,7,6,0.765000
0,baseline,7,7,0.760000
0,group_a,7,1,0.735000
0,group_a,7,2,0.735000
0,group_a,7,3,0.735000
0,group_a,7,4,0.735000
0,group_a,7,5,0.735000
0,group_a,7,6,0.735000
0,group_a,7,7,0.735000
0,group_c1,7,1,0.735000
0,group_c1,7,2,0.648833
0,group_c1,7,3,0.641333
0,group_c1,7,4,0.636000
0,group_c1,7,5,0.650000
0,group_c1,7,6,0.638833
0,group_c1,7,7,0.642500
0,group_c2,7,1,0.735000
0,group_c2,7,2,0.745000
0,group_c2,7,3,0.735000
0,group_c2,7,4,0.765000
0,group_c2,7,5,0.720000
0,group_c2,7,6,0.770000
0,group_c2,7,7,0.720000
0,baseline,10,1,0.735000
0,baseline,10,2,0.775000
0,baseline,10,3,0.775000
0,baseline,10,4,0.760000
0,baseline,10,5,0.750000
0,baseline,10,6,0.765000
0,baseline,10,7,0.760000
0,baseline,10,8,0.760000
0,baseline,10,9,0.760000
0,baseline,10,10,0.760000
0,group_a,10,1,0.735000
0,group_a,10,2,0.735000
0,group_a,10,3,0.735000
0,group_a,10,4,0.735000
0,group_a,10,5,0.735000
0,group_a,10,6,0.735000
0,group_a,10,7,0.735000
0,group_a,10,8,0.735000
0,group_a,10,9,0.735000
0,group_a,10,10,0.735000
0,group_c1,10,1,0.735000
0,group_c1,10,2,0.645667
0,group_c1,10,3,0.644333
0,group_c1,10,4,0.644833
0,group_c1,10,5,0.644333
0,group_c1,10,6,0.647333
0,group_c1,10,7,0.642833
0,group_c1,10,8,0.649000
0,group_c1,10,9,0.640667
0,group_c1,10,10,0.650167
0,group_c2,10,1,0.735000
0,group_c2,10,2,0.745000
0,group_c2,10,3,0.735000
0,group_c2,10,4,0.765000
0,group_c2,10,5,0.720000
0,group_c2,10,6,0.770000
0,group_c2,10,7,0.720000
0,group_c2,10,8,0.775000
0,group_c2,10,9,0.715000
0,group_c2,10,10,0.765000
0,baseline,15,1,0.735000
0,baseline,15,2,0.775000
0,baseline,15,3,0.775000
0,baseline,15,4,0.760000
0,baseline,15,5,0.750000
0,baseline,15,6,0.765000
0,baseline,15,7,0.760000
0,baseline,15,8,0.760000
0,baseline,15,9,0.760000
0,baseline,15,10,0.760000
0,baseline,15,11,0.760000
0,baseline,15,12,0.760000
0,baseline,15,13,0.760000
0,baseline,15,14,0.760000
0,baseline,15,15,0.760000
0,group_a,15,1,0.735000
0,group_a,15,2,0.735000
0,group_a,15,3,0.735000
0,group_a,15,4,0.735000
0,group_a,15,5,0.735000
0,group_a,15,6,0.735000
0,group_a,15,7,0.735000
0,group_a,15,8,0.735000
0,group_a,15,9,0.735000
0,group_a,15,10,0.735000
0,group_a,15,11,0.735000
0,group_a,15,12,0.735000
0,group_a,15,13,0.735000
0,group_a,15,14,0.735000
0,group_a,15,15,0.735000
0,group_c1,15,1,0.735000
0,group_c1,15,2,0.651500
0,group_c1,15,3,0.645000
0,group_c1,15,4,0.641000
0,group_c1,15,5,0.632333
0,group_c1,15,6,0.633000
0,group_c1,15,7,0.638000
0,group_c1,15,8,0.640500
0,group_c1,15,9,0.640667
0,group_c1,15,10,0.637000
0,group_c1,15,11,0.635333
0,group_c1,15,12,0.644167
0,group_c1,15,13,0.652333
0,group_c1,15,14,0.636833
0,group_c1,15,15,0.636833
0,group_c2,15,1,0.735000
0,group_c2,15,2,0.745000
0,group_c2,15,3,0.735000
0,group_c2,15,4,0.765000
0,group_c2,15,5,0.720000
0,group_c2,15,6,0.770000
0,group_c2,15,7,0.720000
0,group_c2,15,8,0.775000
0,group_c2,15,9,0.715000
0,group_c2,15,10,0.765000
0,group_c2,15,11,0.705000
0,group_c2,15,12,0.755000
0,group_c2,15,13,0.700000
0,group_c2,15,14,0.750000
0,group_c2,15,15,0.705000
0,baseline,20,1,0.735000
0,baseline,20,2,0.775000
0,baseline,20,3,0.775000
0,baseline,20,4,0.760000
0,baseline,20,5,0.750000
0,baseline,20,6,0.765000
0,baseline,20,7,0.760000
0,baseline,20,8,0.760000
0,baseline,20,9,0.760000
0,baseline,20,10,0.760000
0,baseline,20,11,0.760000
0,baseline,20,12,0.760000
0,baseline,20,13,0.760000
0,baseline,20,14,0.760000
0,baseline,20,15,0.760000
0,baseline,20,16,0.760000
0,baseline,20,17,0.760000
0,baseline,20,18,0.760000
0,baseline,20,19,0.760000
0,baseline,20,20,0.760000
0,group_a,20,1,0.735000
0,group_a,20,2,0.735000
0,group_a,20,3,0.735000
0,group_a,20,4,0.735000
0,group_a,20,5,0.735000
0,group_a,20,6,0.735000
0,group_a,20,7,0.735000
0,group_a,20,8,0.735000
0,group_a,20,9,0.735000
0,group_a,20,10,0.735000
0,group_a,20,11,0.735000
0,group_a,20,12,0.735000
0,group_a,20,13,0.735000
0,group_a,20,14,0.735000
0,group_a,20,15,0.735000
0,group_a,20,16,0.735000
0,group_a,20,17,0.735000
0,group_a,20,18,0.735000
0,group_a,20,19,0.735000
0,group_a,20,20,0.735000
0,group_c1,20,1,0.735000
0,group_c1,20,2,0.650500
0,group_c1,20,3,0.643000
0,group_c1,20,4,0.636833
0,group_c1,20,5,0.643167
0,group_c1,20,6,0.636000
0,group_c1,20,7,0.643167
0,group_c1,20,8,0.644167
0,group_c1,20,9,0.638667
0,group_c1,20,10,0.639500
0,group_c1,20,11,0.643000
0,group_c1,20,12,0.635167
0,group_c1,20,13,0.639167
0,group_c1,20,14,0.644667
0,group_c1,20,15,0.643167
0,group_c1,20,16,0.646000
0,group_c1,20,17,0.640000
0,group_c1,20,18,0.635167
0,group_c1,20,19,0.648000
0,group_c1,20,20,0.639833
0,group_c2,20,1,0.735000
0,group_c2,20,2,0.745000
0,group_c2,20,3,0.735000
0,group_c2,20,4,0.765000
0,group_c2,20,5,0.720000
0,group_c2,20,6,0.770000
0,group_c2,20,7,0.720000
0,group_c2,20,8,0.775000
0,group_c2,20,9,0.715000
0,group_c2,20,10,0.765000
0,group_c2,20,11,0.705000
0,group_c2,20,12,0.755000
0,group_c2,20,13,0.700000
0,group_c2,20,14,0.750000
0,group_c2,20,15,0.705000
0,group_c2,20,16,0.750000
0,group_c2,20,17,0.700000
0,group_c2,20,18,0.745000
0,group_c2,20,19,0.700000
0,group_c2,20,20,0.740000
1,baseline,3,1,0.700000
1,baseline,3,2,0.785000
1,baseline,3,3,0.820000
1,group_a,3,1,0.700000
1,group_a,3,2,0.700000
1,group_a,3,3,0.700000
1,group_c1,3,1,0.700000
1,group_c1,3,2,0.614833
1,group_c1,3,3,0.595333
1,group_c2,3,1,0.700000
1,group_c2,3,2,0.605000
1,group_c2,3,3,0.735000
1,baseline,5,1,0.700000
1,baseline,5,2,0.785000
1,baseline,5,3,0.820000
1,baseline,5,4,0.830000
1,baseline,5,5,0.830000
1,group_a,5,1,0.700000
1,group_a,5,2,0.700000
1,group_a,5,3,0.700000
1,group_a,5,4,0.700000
1,group_a,5,5,0.700000
1,group_c1,5,1,0.700000
1,group_c1,5,2,0.602833
1,group_c1,5,3,0.612333
1,group_c1,5,4,0.600000
1,group_c1,5,5,0.603667
1,group_c2,5,1,0.700000
1,group_c2,5,2,0.605000
1,group_c2,5,3,0.735000
1,group_c2,5,4,0.605000
1,group_c2,5,5,0.675000
1,baseline,7,1,0.700000
1,baseline,7,2,0.785000
1,baseline,7,3,0.820000
1,baseline,7,4,0.830000
1,baseline,7,5,0.830000
1,baseline,7,6,0.840000
1,baseline,7,7,0.840000
1,group_a,7,1,0.700000
1,group_a,7,2,0.700000
1,group_a,7,3,0.700000
1,group_a,7,4,0.700000
1,group_a,7,5,0.700000
1,group_a,7,6,0.700000
1,group_a,7,7,0.700000
1,group_c1,7,1,0.700000
1,group_c1,7,2,0.615833
1,group_c1,7,3,0.613333
1,group_c1,7,4,0.599167
1,group_c1,7,5,0.598333
1,group_c1,7,6,0.595167
1,group_c1,7,7,0.609833
1,group_c2,7,1,0.700000
1,group_c2,7,2,0.605000
1,group_c2,7,3,0.735000
1,group_c2,7,4,0.605000
1,group_c2,7,5,0.675000
1,group_c2,7,6,0.615000
1,group_c2,7,7,0.675000
1,baseline,10,1,0.700000
1,baseline,10,2,0.785000
1,baseline,10,3,0.820000
1,baseline,10,4,0.830000
1,baseline,10,5,0.830000
1,baseline,10,6,0.840000
1,baseline,10,7,0.840000
1,baseline,10,8,0.840000
1,baseline,10,9,0.840000
1,baseline,10,10,0.840000
1,group_a,10,1,0.700000
1,group_a,10,2,0.700000
1,group_a,10,3,0.700000
1,group_a,10,4,0.700000
1,group_a,10,5,0.700000
1,group_a,10,6,0.700000
1,group_a,10,7,0.700000
1,group_a,10,8,0.700000
1,group_a,10,9,0.700000
1,group_a,10,10,0.700000
1,group_c1,10,1,0.700000
1,group_c1,10,2,0.615000
1,group_c1,10,3,0.610000
1,group_c1,10,4,0.606667
1,group_c1,10,5,0.600000
1,group_c1,10,6,0.607667
1,group_c1,10,7,0.604333
1,group_c1,10,8,0.596667
1,group_c1,10,9,0.602333
1,group_c1,10,10,0.608000
1,group_c2,10,1,0.700000
1,group_c2,10,2,0.605000
1,group_c2,10,3,0.735000
1,group_c2,10,4,0.605000
1,group_c2,10,5,0.675000
1,group_c2,10,6,0.615000
1,group_c2,10,7,0.675000
1,group_c2,10,8,0.600000
1,group_c2,10,9,0.685000
1,group_c2,10,10,0.605000
1,baseline,15,1,0.700000
1,baseline,15,2,0.785000
1,baseline,15,3,0.820000
1,baseline,15,4,0.830000
1,baseline,15,5,0.830000
1,baseline,15,6,0.840000
1,baseline,15,7,0.840000
1,baseline,15,8,0.840000
1,baseline,15,9,0.840000
1,baseline,15,10,0.840000
1,baseline,15,11,0.840000
1,baseline,15,12,0.840000
1,baseline,15,13,0.840000
1,baseline,15,14,0.840000
1,baseline,15,15,0.840000
1,group_a,15,1,0.700000
1,group_a,15,2,0.700000
1,group_a,15,3,0.700000
1,group_a,15,4,0.700000
1,group_a,15,5,0.700000
1,group_a,15,6,0.700000
1,group_a,15,7,0.700000
1,group_a,15,8,0.700000
1,group_a,15,9,0.700000
1,group_a,15,10,0.700000
1,group_a,15,11,0.700000
1,group_a,15,12,0.700000
1,group_a,15,13,0.700000
1,group_a,15,14,0.700000
1,group_a,15,15,0.700000
1,group_c1,15,1,0.700000
1,group_c1,15,2,0.615167
1,group_c1,15,3,0.605500
1,group_c1,15,4,0.607833
1,group_c1,15,5,0.610000
1,group_c1,15,6,0.603167
1,group_c1,15,7,0.592500
1,group_c1,15,8,0.608500
1,group_c1,15,9,0.598333
1,group_c1,15,10,0.610500
1,group_c1,15,11,0.603167
1,group_c1,15,12,0.609000
1,group_c1,15,13,0.589833
1,group_c1,15,14,0.608833
1,group_c1,15,15,0.597000
1,group_c2,15,1,0.700000
1,group_c2,15,2,0.605000
1,group_c2,15,3,0.735000
1,group_c2,15,4,0.605000
1,group_c2,15,5,0.675000
1,group_c2,15,6,0.615000
1,group_c2,15,7,0.675000
1,group_c2,15,8,0.600000
1,group_c2,15,9,0.685000
1,group_c2,15,10,0.605000
1,group_c2,15,11,0.675000
1,group_c2,15,12,0.615000
1,group_c2,15,13,0.670000
1,group_c2,15,14,0.610000
1,group_c2,15,15,0.675000
1,baseline,20,1,0.700000
1,baseline,20,2,0.785000
1,baseline,20,3,0.820000
1,baseline,20,4,0.830000
1,baseline,20,5,0.830000
1,baseline,20,6,0.840000
1,baseline,20,7,0.840000
1,baseline,20,8,0.840000
1,baseline,20,9,0.840000
1,baseline,20,10,0.840000
1,baseline,20,11,0.840000
1,baseline,20,12,0.840000
1,baseline,20,13,0.840000
1,baseline,20,14,0.840000
1,baseline,20,15,0.840000
1,baseline,20,16,0.840000
1,baseline,20,17,0.840000
1,baseline,20,18,0.840000
1,baseline,20,19,0.840000
1,baseline,20,20,0.840000
1,group_a,20,1,0.700000
1,group_a,20,2,0.700000
1,group_a,20,3,0.700000
1,group_a,20,4,0.700000
1,group_a,20,5,0.700000
1,group_a,20,6,0.700000
1,group_a,20,7,0.700000
1,group_a,20,8,0.700000
1,group_a,20,9,0.700000
1,group_a,20,10,0.700000
1,group_a,20,11,0.700000
1,group_a,20,12,0.700000
1,group_a,20,13,0.700000
1,group_a,20,14,0.700000
1,group_a,20,15,0.700000
1,group_a,20,16,0.700000
1,group_a,20,17,0.700000
1,group_a,20,18,0.700000
1,group_a,20,19,0.700000
1,group_a,20,20,0.700000
1,group_c1,20,1,0.700000
1,group_c1,20,2,0.611500
1,group_c1,20,3,0.617667
1,group_c1,20,4,0.600500
1,group_c1,20,5,0.607833
1,group_c1,20,6,0.595167
1,group_c1,20,7,0.607667
1,group_c1,20,8,0.598167
1,group_c1,20,9,0.602333
1,group_c1,20,10,0.603667
1,group_c1,20,11,0.611000
1,group_c1,20,12,0.602833
1,group_c1,20,13,0.601667
1,group_c1,20,14,0.602500
1,group_c1,20,15,0.603667
1,group_c1,20,16,0.604500
1,group_c1,20,17,0.612500
1,group_c1,20,18,0.591500
1,group_c1,20,19,0.599833
1,group_c1,20,20,0.615500
1,group_c2,20,1,0.700000
1,group_c2,20,2,0.605000
1,group_c2,20,3,0.735000
1,group_c2,20,4,0.605000
1,group_c2,20,5,0.675000
1,group_c2,20,6,0.615000
1,group_c2,20,7,0.675000
1,group_c2,20,8,0.600000
1,group_c2,20,9,0.685000
1,group_c2,20,10,0.605000
1,group_c2,20,11,0.675000
1,group_c2,20,12,0.615000
1,group_c2,20,13,0.670000
1,group_c2,20,14,0.610000
1,group_c2,20,15,0.675000
1,group_c2,20,16,0.620000
1,group_c2,20,17,0.670000
1,group_c2,20,18,0.620000
1,group_c2,20,19,0.670000
1,group_c2,20,20,0.620000
2,baseline,3,1,0.680000
2,baseline,3,2,0.760000
2,baseline,3,3,0.795000
2,group_a,3,1,0.680000
2,group_a,3,2,0.680000
2,group_a,3,3,0.680000
2,group_c1,3,1,0.680000
2,group_c1,3,2,0.660667
2,group_c1,3,3,0.639833
2,group_c2,3,1,0.680000
2,group_c2,3,2,0.735000
2,group_c2,3,3,0.745000
2,baseline,5,1,0.680000
2,baseline,5,2,0.760000
2,baseline,5,3,0.795000
2,baseline,5,4,0.795000
2,baseline,5,5,0.790000
2,group_a,5,1,0.680000
2,group_a,5,2,0.680000
2,group_a,5,3,0.680000
2,group_a,5,4,0.680000
2,group_a,5,5,0.680000
2,group_c1,5,1,0.680000
2,group_c1,5,2,0.662833
2,group_c1,5,3,0.647833
2,group_c1,5,4,0.638000
2,group_c1,5,5,0.635500
2,group_c2,5,1,0.680000
2,group_c2,5,2,0.735000
2,group_c2,5,3,0.745000
2,group_c2,5,4,0.765000
2,group_c2,5,5,0.765000
2,baseline,7,1,0.680000
2,baseline,7,2,0.760000
2,baseline,7,3,0.795000
2,baseline,7,4,0.795000
2,baseline,7,5,0.790000
2,baseline,7,6,0.790000
2,baseline,7,7,0.795000
2,group_a,7,1,0.680000
2,group_a,7,2,0.680000
2,group_a,7,3,0.680000
2,group_a,7,4,0.680000
2,group_a,7,5,0.680000
2,group_a,7,6,0.680000
2,group_a,7,7,0.680000
2,group_c1,7,1,0.680000
2,group_c1,7,2,0.668333
2,group_c1,7,3,0.652500
2,group_c1,7,4,0.633333
2,group_c1,7,5,0.643167
2,group_c1,7,6,0.639500
2,group_c1,7,7,0.645667
2,group_c2,7,1,0.680000
2,group_c2,7,2,0.735000
2,group_c2,7,3,0.745000
2,group_c2,7,4,0.765000
2,group_c2,7,5,0.765000
2,group_c2,7,6,0.760000
2,group_c2,7,7,0.760000
2,baseline,10,1,0.680000
2,baseline,10,2,0.760000
2,baseline,10,3,0.795000
2,baseline,10,4,0.795000
2,baseline,10,5,0.790000
2,baseline,10,6,0.790000
2,baseline,10,7,0.795000
2,baseline,10,8,0.795000
2,baseline,10,9,0.795000
2,baseline,10,10,0.800000
2,group_a,10,1,0.680000
2,group_a,10,2,0.680000
2,group_a,10,3,0.680000
2,group_a,10,4,0.680000
2,group_a,10,5,0.680000
2,group_a,10,6,0.680000
2,group_a,10,7,0.680000
2,group_a,10,8,0.680000
2,group_a,10,9,0.680000
2,group_a,10,10,0.680000
2,group_c1,10,1,0.680000
2,group_c1,10,2,0.664667
2,group_c1,10,3,0.647500
2,group_c1,10,4,0.640500
2,group_c1,10,5,0.627667
2,group_c1,10,6,0.638167
2,group_c1,10,7,0.646333
2,group_c1,10,8,0.638167
2,group_c1,10,9,0.636667
2,group_c1,10,10,0.642833
2,group_c2,10,1,0.680000
2,group_c2,10,2,0.735000
2,group_c2,10,3,0.745000
2,group_c2,10,4,0.765000
2,group_c2,10,5,0.765000
2,group_c2,10,6,0.760000
2,group_c2,10,7,0.760000
2,group_c2,10,8,0.755000
2,group_c2,10,9,0.755000
2,group_c2,10,10,0.755000
2,baseline,15,1,0.680000
2,baseline,15,2,0.760000
2,baseline,15,3,0.795000
2,baseline,15,4,0.795000
2,baseline,15,5,0.790000
2,baseline,15,6,0.790000
2,baseline,15,7,0.795000
2,baseline,15,8,0.795000
2,baseline,15,9,0.795000
2,baseline,15,10,0.800000
2,baseline,15,11,0.800000
2,baseline,15,12,0.795000
2,baseline,15,13,0.795000
2,baseline,15,14,0.795000
2,baseline,15,15,0.795000
2,group_a,15,1,0.680000
2,group_a,15,2,0.680000
2,group_a,15,3,0.680000
2,group_a,15,4,0.680000
2,group_a,15,5,0.680000
2,group_a,15,6,0.680000
2,group_a,15,7,0.680000
2,group_a,15,8,0.680000
2,group_a,15,9,0.680000
2,group_a,15,10,0.680000
2,group_a,15,11,0.680000
2,group_a,15,12,0.680000
2,group_a,15,13,0.680000
2,group_a,15,14,0.680000
2,group_a,15,15,0.680000
2,group_c1,15,1,0.680000
2,group_c1,15,2,0.661833
2,group_c1,15,3,0.645000
2,group_c1,15,4,0.632000
2,group_c1,15,5,0.644000
2,group_c1,15,6,0.648000
2,group_c1,15,7,0.629833
2,group_c1,15,8,0.641000
2,group_c1,15,9,0.653000
2,group_c1,15,10,0.639000
2,group_c1,15,11,0.630667
2,group_c1,15,12,0.639833
2,group_c1,15,13,0.645833
2,group_c1,15,14,0.644667
2,group_c1,15,15,0.638500
2,group_c2,15,1,0.680000
2,group_c2,15,2,0.735000
2,group_c2,15,3,0.745000
2,group_c2,15,4,0.765000
2,group_c2,15,5,0.765000
2,group_c2,15,6,0.760000
2,group_c2,15,7,0.760000
2,group_c2,15,8,0.755000
2,group_c2,15,9,0.755000
2,group_c2,15,10,0.755000
2,group_c2,15,11,0.755000
2,group_c2,15,12,0.755000
2,group_c2,15,13,0.755000
2,group_c2,15,14,0.755000
2,group_c2,15,15,0.755000
2,baseline,20,1,0.680000
2,baseline,20,2,0.760000
2,baseline,20,3,0.795000
2,baseline,20,4,0.795000
2,baseline,20,5,0.790000
2,baseline,20,6,0.790000
2,baseline,20,7,0.795000
2,baseline,20,8,0.795000
2,baseline,20,9,0.795000
2,baseline,20,10,0.800000
2,baseline,20,11,0.800000
2,baseline,20,12,0.795000
2,baseline,20,13,0.795000
2,baseline,20,14,0.795000
2,baseline,20,15,0.795000
2,baseline,20,16,0.795000
2,baseline,20,17,0.800000
2,baseline,20,18,0.800000
2,baseline,20,19,0.800000
2,baseline,20,20,0.795000
2,group_a,20,1,0.680000
2,group_a,20,2,0.680000
2,group_a,20,3,0.680000
2,group_a,20,4,0.680000
2,group_a,20,5,0.680000
2,group_a,20,6,0.680000
2,group_a,20,7,0.680000
2,group_a,20,8,0.680000
2,group_a,20,9,0.680000
2,group_a,20,10,0.680000
2,group_a,20,11,0.680000
2,group_a,20,12,0.680000
2,group_a,20,13,0.680000
2,group_a,20,14,0.680000
2,group_a,20,15,0.680000
2,group_a,20,16,0.680000
2,group_a,20,17,0.680000
2,group_a,20,18,0.680000
2,group_a,20,19,0.680000
2,group_a,20,20,0.680000
2,group_c1,20,1,0.680000
2,group_c1,20,2,0.659667
2,group_c1,20,3,0.641667
2,group_c1,20,4,0.641500
2,group_c1,20,5,0.650167
2,group_c1,20,6,0.634500
2,group_c1,20,7,0.639333
2,group_c1,20,8,0.632500
2,group_c1,20,9,0.640167
2,group_c1,20,10,0.642500
2,group_c1,20,11,0.639667
2,group_c1,20,12,0.635667
2,group_c1,20,13,0.632833
2,group_c1,20,14,0.628333
2,group_c1,20,15,0.638500
2,group_c1,20,16,0.630167
2,group_c1,20,17,0.638500
2,group_c1,20,18,0.633667
2,group_c1,20,19,0.639500
2,group_c1,20,20,0.628333
2,group_c2,20,1,0.680000
2,group_c2,20,2,0.735000
2,group_c2,20,3,0.745000
2,group_c2,20,4,0.765000
2,group_c2,20,5,0.765000
2,group_c2,20,6,0.760000
2,group_c2,20,7,0.760000
2,group_c2,20,8,0.755000
2,group_c2,20,9,0.755000
2,group_c2,20,10,0.755000
2,group_c2,20,11,0.755000
2,group_c2,20,12,0.755000
2,group_c2,20,13,0.755000
2,group_c2,20,14,0.755000
2,group_c2,20,15,0.755000
2,group_c2,20,16,0.755000
2,group_c2,20,17,0.755000
2,group_c2,20,18,0.755000
2,group_c2,20,19,0.755000
2,group_c2,20,20,0.755000
3,baseline,3,1,0.645000
3,baseline,3,2,0.675000
3,baseline,3,3,0.715000
3,group_a,3,1,0.645000
3,group_a,3,2,0.645000
3,group_a,3,3,0.645000
3,group_c1,3,1,0.645000
3,group_c1,3,2,0.606000
3,group_c1,3,3,0.606000
3,group_c2,3,1,0.645000
3,group_c2,3,2,0.535000
3,group_c2,3,3,0.485000
3,baseline,5,1,0.645000
3,baseline,5,2,0.675000
3,baseline,5,3,0.715000
3,baseline,5,4,0.705000
3,baseline,5,5,0.725000
3,group_a,5,1,0.645000
3,group_a,5,2,0.645000
3,group_a,5,3,0.645000
3,group_a,5,4,0.645000
3,group_a,5,5,0.645000
3,group_c1,5,1,0.645000
3,group_c1,5,2,0.610333
3,group_c1,5,3,0.600500
3,group_c1,5,4,0.599667
3,group_c1,5,5,0.586667
3,group_c2,5,1,0.645000
3,group_c2,5,2,0.535000
3,group_c2,5,3,0.485000
3,group_c2,5,4,0.470000
3,group_c2,5,5,0.530000
3,baseline,7,1,0.645000
3,baseline,7,2,0.675000
3,baseline,7,3,0.715000
3,baseline,7,4,0.705000
3,baseline,7,5,0.725000
3,baseline,7,6,0.695000
3,baseline,7,7,0.715000
3,group_a,7,1,0.645000
3,group_a,7,2,0.645000
3,group_a,7,3,0.645000
3,group_a,7,4,0.645000
3,group_a,7,5,0.645000
3,group_a,7,6,0.645000
3,group_a,7,7,0.645000
3,group_c1,7,1,0.645000
3,group_c1,7,2,0.603333
3,group_c1,7,3,0.592833
3,group_c1,7,4,0.585000
3,group_c1,7,5,0.590667
3,group_c1,7,6,0.600000
3,group_c1,7,7,0.587167
3,group_c2,7,1,0.645000
3,group_c2,7,2,0.535000
3,group_c2,7,3,0.485000
3,group_c2,7,4,0.470000
3,group_c2,7,5,0.530000
3,group_c2,7,6,0.485000
3,group_c2,7,7,0.475000
3,baseline,10,1,0.645000
3,baseline,10,2,0.675000
3,baseline,10,3,0.715000
3,baseline,10,4,0.705000
3,baseline,10,5,0.725000
3,baseline,10,6,0.695000
3,baseline,10,7,0.715000
3,baseline,10,8,0.710000
3,baseline,10,9,0.710000
3,baseline,10,10,0.710000
3,group_a,10,1,0.645000
3,group_a,10,2,0.645000
3,group_a,10,3,0.645000
3,group_a,10,4,0.645000
3,group_a,10,5,0.645000
3,group_a,10,6,0.645000
3,group_a,10,7,0.645000
3,group_a,10,8,0.645000
3,group_a,10,9,0.645000
3,group_a,10,10,0.645000
3,group_c1,10,1,0.645000
3,group_c1,10,2,0.614667
3,group_c1,10,3,0.598500
3,group_c1,10,4,0.591333
3,group_c1,10,5,0.594667
3,group_c1,10,6,0.587333
3,group_c1,10,7,0.585500
3,group_c1,10,8,0.594167
3,group_c1,10,9,0.607500
3,group_c1,10,10,0.597500
3,group_c2,10,1,0.645000
3,group_c2,10,2,0.535000
3,group_c2,10,3,0.485000
3,group_c2,10,4,0.470000
3,group_c2,10,5,0.530000
3,group_c2,10,6,0.485000
3,group_c2,10,7,0.475000
3,group_c2,10,8,0.480000
3,group_c2,10,9,0.500000
3,group_c2,10,10,0.495000
3,baseline,15,1,0.645000
3,baseline,15,2,0.675000
3,baseline,15,3,0.715000
3,baseline,15,4,0.705000
3,baseline,15,5,0.725000
3,baseline,15,6,0.695000
3,baseline,15,7,0.715000
3,baseline,15,8,0.710000
3,baseline,15,9,0.710000
3,baseline,15,10,0.710000
3,baseline,15,11,0.715000
3,baseline,15,12,0.710000
3,baseline,15,13,0.715000
3,baseline,15,14,0.705000
3,baseline,15,15,0.715000
3,group_a,15,1,0.645000
3,group_a,15,2,0.645000
3,group_a,15,3,0.645000
3,group_a,15,4,0.645000
3,group_a,15,5,0.645000
3,group_a,15,6,0.645000
3,group_a,15,7,0.645000
3,group_a,15,8,0.645000
3,group_a,15,9,0.645000
3,group_a,15,10,0.645000
3,group_a,15,11,0.645000
3,group_a,15,12,0.645000
3,group_a,15,13,0.645000
3,group_a,15,14,0.645000
3,group_a,15,15,0.645000
3,group_c1,15,1,0.645000
3,group_c1,15,2,0.614667
3,group_c1,15,3,0.595333
3,group_c1,15,4,0.608000
3,group_c1,15,5,0.593667
3,group_c1,15,6,0.602833
3,group_c1,15,7,0.596667
3,group_c1,15,8,0.586167
3,group_c1,15,9,0.591500
3,group_c1,15,10,0.588333
3,group_c1,15,11,0.594333
3,group_c1,15,12,0.601167
3,group_c1,15,13,0.592000
3,group_c1,15,14,0.591500
3,group_c1,15,15,0.598500
3,group_c2,15,1,0.645000
3,group_c2,15,2,0.535000
3,group_c2,15,3,0.485000
3,group_c2,15,4,0.470000
3,group_c2,15,5,0.530000
3,group_c2,15,6,0.485000
3,group_c2,15,7,0.475000
3,group_c2,15,8,0.480000
3,group_c2,15,9,0.500000
3,group_c2,15,10,0.495000
3,group_c2,15,11,0.495000
3,group_c2,15,12,0.465000
3,group_c2,15,13,0.495000
3,group_c2,15,14,0.475000
3,group_c2,15,15,0.500000
3,baseline,20,1,0.645000
3,baseline,20,2,0.675000
3,baseline,20,3,0.715000
3,baseline,20,4,0.705000
3,baseline,20,5,0.725000
3,baseline,20,6,0.695000
3,baseline,20,7,0.715000
3,baseline,20,8,0.710000
3,baseline,20,9,0.710000
3,baseline,20,10,0.710000
3,baseline,20,11,0.715000
3,baseline,20,12,0.710000
3,baseline,20,13,0.715000
3,baseline,20,14,0.705000
3,baseline,20,15,0.715000
3,baseline,20,16,0.705000
3,baseline,20,17,0.715000
3,baseline,20,18,0.700000
3,baseline,20,19,0.715000
3,baseline,20,20,0.700000
3,group_a,20,1,0.645000
3,group_a,20,2,0.645000
3,group_a,20,3,0.645000
3,group_a,20,4,0.645000
3,group_a,20,5,0.645000
3,group_a,20,6,0.645000
3,group_a,20,7,0.645000
3,group_a,20,8,0.645000
3,group_a,20,9,0.645000
3,group_a,20,10,0.645000
3,group_a,20,11,0.645000
3,group_a,20,12,0.645000
3,group_a,20,13,0.645000
3,group_a,20,14,0.645000
3,group_a,20,15,0.645000
3,group_a,20,16,0.645000
3,group_a,20,17,0.645000
3,group_a,20,18,0.645000
3,group_a,20,19,0.645000
3,group_a,20,20,0.645000
3,group_c1,20,1,0.645000
3,group_c1,20,2,0.608833
3,group_c1,20,3,0.597167
3,group_c1,20,4,0.585833
3,group_c1,20,5,0.588667
3,group_c1,20,6,0.596500
3,group_c1,20,7,0.587500
3,group_c1,20,8,0.594167
3,group_c1,20,9,0.589667
3,group_c1,20,10,0.592333
3,group_c1,20,11,0.595667
3,group_c1,20,12,0.589667
3,group_c1,20,13,0.596500
3,group_c1,20,14,0.596833
3,group_c1,20,15,0.585667
3,group_c1,20,16,0.586333
3,group_c1,20,17,0.595000
3,group_c1,20,18,0.592500
3,group_c1,20,19,0.596333
3,group_c1,20,20,0.582500
3,group_c2,20,1,0.645000
3,group_c2,20,2,0.535000
3,group_c2,20,3,0.485000
3,group_c2,20,4,0.470000
3,group_c2,20,5,0.530000
3,group_c2,20,6,0.485000
3,group_c2,20,7,0.475000
3,group_c2,20,8,0.480000
3,group_c2,20,9,0.500000
3,group_c2,20,10,0.495000
3,group_c2,20,11,0.495000
3,group_c2,20,12,0.465000
3,group_c2,20,13,0.495000
3,group_c2,20,14,0.475000
3,group_c2,20,15,0.500000
3,group_c2,20,16,0.475000
3,group_c2,20,17,0.490000
3,group_c2,20,18,0.480000
3,group_c2,20,19,0.480000
3,group_c2,20,20,0.480000
4,baseline,3,1,0.720000
4,baseline,3,2,0.775000
4,baseline,3,3,0.785000
4,group_a,3,1,0.720000
4,group_a,3,2,0.720000
4,group_a,3,3,0.720000
4,group_c1,3,1,0.720000
4,group_c1,3,2,0.712000
4,group_c1,3,3,0.686000
4,group_c2,3,1,0.720000
4,group_c2,3,2,0.635000
4,group_c2,3,3,0.625000
4,baseline,5,1,0.720000
4,baseline,5,2,0.775000
4,baseline,5,3,0.785000
4,baseline,5,4,0.795000
4,baseline,5,5,0.785000
4,group_a,5,1,0.720000
4,group_a,5,2,0.720000
4,group_a,5,3,0.720000
4,group_a,5,4,0.720000
4,group_a,5,5,0.720000
4,group_c1,5,1,0.720000
4,group_c1,5,2,0.704333
4,group_c1,5,3,0.678667
4,group_c1,5,4,0.682500
4,group_c1,5,5,0.682833
4,group_c2,5,1,0.720000
4,group_c2,5,2,0.635000
4,group_c2,5,3,0.625000
4,group_c2,5,4,0.625000
4,group_c2,5,5,0.620000
4,baseline,7,1,0.720000
4,baseline,7,2,0.775000
4,baseline,7,3,0.785000
4,baseline,7,4,0.795000
4,baseline,7,5,0.785000
4,baseline,7,6,0.790000
4,baseline,7,7,0.795000
4,group_a,7,1,0.720000
4,group_a,7,2,0.720000
4,group_a,7,3,0.720000
4,group_a,7,4,0.720000
4,group_a,7,5,0.720000
4,group_a,7,6,0.720000
4,group_a,7,7,0.720000
4,group_c1,7,1,0.720000
4,group_c1,7,2,0.711667
4,group_c1,7,3,0.682833
4,group_c1,7,4,0.675500
4,group_c1,7,5,0.676333
4,group_c1,7,6,0.678500
4,group_c1,7,7,0.679667
4,group_c2,7,1,0.720000
4,group_c2,7,2,0.635000
4,group_c2,7,3,0.625000
4,group_c2,7,4,0.625000
4,group_c2,7,5,0.620000
4,group_c2,7,6,0.620000
4,group_c2,7,7,0.620000
4,baseline,10,1,0.720000
4,baseline,10,2,0.775000
4,baseline,10,3,0.785000
4,baseline,10,4,0.795000
4,baseline,10,5,0.785000
4,baseline,10,6,0.790000
4,baseline,10,7,0.795000
4,baseline,10,8,0.790000
4,baseline,10,9,0.795000
4,baseline,10,10,0.795000
4,group_a,10,1,0.720000
4,group_a,10,2,0.720000
4,group_a,10,3,0.720000
4,group_a,10,4,0.720000
4,group_a,10,5,0.720000
4,group_a,10,6,0.720000
4,group_a,10,7,0.720000
4,group_a,10,8,0.720000
4,group_a,10,9,0.720000
4,group_a,10,10,0.720000
4,group_c1,10,1,0.720000
4,group_c1,10,2,0.710167
4,group_c1,10,3,0.684667
4,group_c1,10,4,0.680667
4,group_c1,10,5,0.677333
4,group_c1,10,6,0.679000
4,group_c1,10,7,0.676000
4,group_c1,10,8,0.680667
4,group_c1,10,9,0.680000
4,group_c1,10,10,0.678167
4,group_c2,10,1,0.720000
4,group_c2,10,2,0.635000
4,group_c2,10,3,0.625000
4,group_c2,10,4,0.625000
4,group_c2,10,5,0.620000
4,group_c2,10,6,0.620000
4,group_c2,10,7,0.620000
4,group_c2,10,8,0.625000
4,group_c2,10,9,0.620000
4,group_c2,10,10,0.620000
4,baseline,15,1,0.720000
4,baseline,15,2,0.775000
4,baseline,15,3,0.785000
4,baseline,15,4,0.795000
4,baseline,15,5,0.785000
4,baseline,15,6,0.790000
4,baseline,15,7,0.795000
4,baseline,15,8,0.790000
4,baseline,15,9,0.795000
4,baseline,15,10,0.795000
4,baseline,15,11,0.790000
4,baseline,15,12,0.795000
4,baseline,15,13,0.795000
4,baseline,15,14,0.790000
4,baseline,15,15,0.795000
4,group_a,15,1,0.720000
4,group_a,15,2,0.720000
4,group_a,15,3,0.720000
4,group_a,15,4,0.720000
4,group_a,15,5,0.720000
4,group_a,15,6,0.720000
4,group_a,15,7,0.720000
4,group_a,15,8,0.720000
4,group_a,15,9,0.720000
4,group_a,15,10,0.720000
4,group_a,15,11,0.720000
4,group_a,15,12,0.720000
4,group_a,15,13,0.720000
4,group_a,15,14,0.720000
4,group_a,15,15,0.720000
4,group_c1,15,1,0.720000
4,group_c1,15,2,0.705667
4,group_c1,15,3,0.684333
4,group_c1,15,4,0.678833
4,group_c1,15,5,0.673500
4,group_c1,15,6,0.677667
4,group_c1,15,7,0.667500
4,group_c1,15,8,0.680667
4,group_c1,15,9,0.679000
4,group_c1,15,10,0.673000
4,group_c1,15,11,0.684833
4,group_c1,15,12,0.677833
4,group_c1,15,13,0.676500
4,group_c1,15,14,0.679667
4,group_c1,15,15,0.676667
4,group_c2,15,1,0.720000
4,group_c2,15,2,0.635000
4,group_c2,15,3,0.625000
4,group_c2,15,4,0.625000
4,group_c2,15,5,0.620000
4,group_c2,15,6,0.620000
4,group_c2,15,7,0.620000
4,group_c2,15,8,0.625000
4,group_c2,15,9,0.620000
4,group_c2,15,10,0.620000
4,group_c2,15,11,0.625000
4,group_c2,15,12,0.620000
4,group_c2,15,13,0.620000
4,group_c2,15,14,0.625000
4,group_c2,15,15,0.620000
4,baseline,20,1,0.720000
4,baseline,20,2,0.775000
4,baseline,20,3,0.785000
4,baseline,20,4,0.795000
4,baseline,20,5,0.785000
4,baseline,20,6,0.790000
4,baseline,20,7,0.795000
4,baseline,20,8,0.790000
4,baseline,20,9,0.795000
4,baseline,20,10,0.795000
4,baseline,20,11,0.790000
4,baseline,20,12,0.795000
4,baseline,20,13,0.795000
4,baseline,20,14,0.790000
4,baseline,20,15,0.795000
4,baseline,20,16,0.795000
4,baseline,20,17,0.790000
4,baseline,20,18,0.795000
4,baseline,20,19,0.795000
4,baseline,20,20,0.790000
4,group_a,20,1,0.720000
4,group_a,20,2,0.720000
4,group_a,20,3,0.720000
4,group_a,20,4,0.720000
4,group_a,20,5,0.720000
4,group_a,20,6,0.720000
4,group_a,20,7,0.720000
4,group_a,20,8,0.720000
4,group_a,20,9,0.720000
4,group_a,20,10,0.720000
4,group_a,20,11,0.720000
4,group_a,20,12,0.720000
4,group_a,20,13,0.720000
4,group_a,20,14,0.720000
4,group_a,20,15,0.720000
4,group_a,20,16,0.720000
4,group_a,20,17,0.720000
4,group_a,20,18,0.720000
4,group_a,20,19,0.720000
4,group_a,20,20,0.720000
4,group_c1,20,1,0.720000
4,group_c1,20,2,0.706667
4,group_c1,20,3,0.678667
4,group_c1,20,4,0.683167
4,group_c1,20,5,0.679667
4,group_c1,20,6,0.671667
4,group_c1,20,7,0.671833
4,group_c1,20,8,0.672333
4,group_c1,20,9,0.671167
4,group_c1,20,10,0.668333
4,group_c1,20,11,0.674833
4,group_c1,20,12,0.671500
4,group_c1,20,13,0.674000
4,group_c1,20,14,0.674500
4,group_c1,20,15,0.679333
4,group_c1,20,16,0.678667
4,group_c1,20,17,0.679167
4,group_c1,20,18,0.682333
4,group_c1,20,19,0.672667
4,group_c1,20,20,0.687833
4,group_c2,20,1,0.720000
4,group_c2,20,2,0.635000
4,group_c2,20,3,0.625000
4,group_c2,20,4,0.625000
4,group_c2,20,5,0.620000
4,group_c2,20,6,0.620000
4,group_c2,20,7,0.620000
4,group_c2,20,8,0.625000
4,group_c2,20,9,0.620000
4,group_c2,20,10,0.620000
4,group_c2,20,11,0.625000
4,group_c2,20,12,0.620000
4,group_c2,20,13,0.620000
4,group_c2,20,14,0.625000
4,group_c2,20,15,0.620000
4,group_c2,20,16,0.620000
4,group_c2,20,17,0.625000
4,group_c2,20,18,0.620000
4,group_c2,20,19,0.620000
4,group_c2,20,20,0.620000
5,baseline,3,1,0.745000
5,baseline,3,2,0.760000
5,baseline,3,3,0.740000
5,group_a,3,1,0.745000
5,group_a,3,2,0.745000
5,group_a,3,3,0.745000
5,group_c1,3,1,0.745000
5,group_c1,3,2,0.685333
5,group_c1,3,3,0.681833
5,group_c2,3,1,0.745000
5,group_c2,3,2,0.765000
5,group_c2,3,3,0.760000
5,baseline,5,1,0.745000
5,baseline,5,2,0.760000
5,baseline,5,3,0.740000
5,baseline,5,4,0.735000
5,baseline,5,5,0.740000
5,group_a,5,1,0.745000
5,group_a,5,2,0.745000
5,group_a,5,3,0.745000
5,group_a,5,4,0.745000
5,group_a,5,5,0.745000
5,group_c1,5,1,0.745000
5,group_c1,5,2,0.691167
5,group_c1,5,3,0.681167
5,group_c1,5,4,0.679667
5,group_c1,5,5,0.679333
5,group_c2,5,1,0.745000
5,group_c2,5,2,0.765000
5,group_c2,5,3,0.760000
5,group_c2,5,4,0.745000
5,group_c2,5,5,0.750000
5,baseline,7,1,0.745000
5,baseline,7,2,0.760000
5,baseline,7,3,0.740000
5,baseline,7,4,0.735000
5,baseline,7,5,0.740000
5,baseline,7,6,0.730000
5,baseline,7,7,0.740000
5,group_a,7,1,0.745000
5,group_a,7,2,0.745000
5,group_a,7,3,0.745000
5,group_a,7,4,0.745000
5,group_a,7,5,0.745000
5,group_a,7,6,0.745000
5,group_a,7,7,0.745000
5,group_c1,7,1,0.745000
5,group_c1,7,2,0.681000
5,group_c1,7,3,0.677833
5,group_c1,7,4,0.682667
5,group_c1,7,5,0.681333
5,group_c1,7,6,0.678000
5,group_c1,7,7,0.674667
5,group_c2,7,1,0.745000
5,group_c2,7,2,0.765000
5,group_c2,7,3,0.760000
5,group_c2,7,4,0.745000
5,group_c2,7,5,0.750000
5,group_c2,7,6,0.755000
5,group_c2,7,7,0.770000
5,baseline,10,1,0.745000
5,baseline,10,2,0.760000
5,baseline,10,3,0.740000
5,baseline,10,4,0.735000
5,baseline,10,5,0.740000
5,baseline,10,6,0.730000
5,baseline,10,7,0.740000
5,baseline,10,8,0.735000
5,baseline,10,9,0.740000
5,baseline,10,10,0.735000
5,group_a,10,1,0.745000
5,group_a,10,2,0.745000
5,group_a,10,3,0.745000
5,group_a,10,4,0.745000
5,group_a,10,5,0.745000
5,group_a,10,6,0.745000
5,group_a,10,7,0.745000
5,group_a,10,8,0.745000
5,group_a,10,9,0.745000
5,group_a,10,10,0.745000
5,group_c1,10,1,0.745000
5,group_c1,10,2,0.681667
5,group_c1,10,3,0.677500
5,group_c1,10,4,0.685333
5,group_c1,10,5,0.673500
5,group_c1,10,6,0.676000
5,group_c1,10,7,0.681000
5,group_c1,10,8,0.676000
5,group_c1,10,9,0.680333
5,group_c1,10,10,0.680667
5,group_c2,10,1,0.745000
5,group_c2,10,2,0.765000
5,group_c2,10,3,0.760000
5,group_c2,10,4,0.745000
5,group_c2,10,5,0.750000
5,group_c2,10,6,0.755000
5,group_c2,10,7,0.770000
5,group_c2,10,8,0.765000
5,group_c2,10,9,0.765000
5,group_c2,10,10,0.765000
5,baseline,15,1,0.745000
5,baseline,15,2,0.760000
5,baseline,15,3,0.740000
5,baseline,15,4,0.735000
5,baseline,15,5,0.740000
5,baseline,15,6,0.730000
5,baseline,15,7,0.740000
5,baseline,15,8,0.735000
5,baseline,15,9,0.740000
5,baseline,15,10,0.735000
5,baseline,15,11,0.740000
5,baseline,15,12,0.735000
5,baseline,15,13,0.740000
5,baseline,15,14,0.735000
5,baseline,15,15,0.740000
5,group_a,15,1,0.745000
5,group_a,15,2,0.745000
5,group_a,15,3,0.745000
5,group_a,15,4,0.745000
5,group_a,15,5,0.745000
5,group_a,15,6,0.745000
5,group_a,15,7,0.745000
5,group_a,15,8,0.745000
5,group_a,15,9,0.745000
5,group_a,15,10,0.745000
5,group_a,15,11,0.745000
5,group_a,15,12,0.745000
5,group_a,15,13,0.745000
5,group_a,15,14,0.745000
5,group_a,15,15,0.745000
5,group_c1,15,1,0.745000
5,group_c1,15,2,0.687000
5,group_c1,15,3,0.683167
5,group_c1,15,4,0.679833
5,group_c1,15,5,0.681667
5,group_c1,15,6,0.676500
5,group_c1,15,7,0.673667
5,group_c1,15,8,0.690000
5,group_c1,15,9,0.689333
5,group_c1,15,10,0.678833
5,group_c1,15,11,0.674333
5,group_c1,15,12,0.680667
5,group_c1,15,13,0.683333
5,group_c1,15,14,0.677833
5,group_c1,15,15,0.680833
5,group_c2,15,1,0.745000
5,group_c2,15,2,0.765000
5,group_c2,15,3,0.760000
5,group_c2,15,4,0.745000
5,group_c2,15,5,0.750000
5,group_c2,15,6,0.755000
5,group_c2,15,7,0.770000
5,group_c2,15,8,0.765000
5,group_c2,15,9,0.765000
5,group_c2,15,10,0.765000
5,group_c2,15,11,0.760000
5,group_c2,15,12,0.760000
5,group_c2,15,13,0.760000
5,group_c2,15,14,0.760000
5,group_c2,15,15,0.765000
5,baseline,20,1,0.745000
5,baseline,20,2,0.760000
5,baseline,20,3,0.740000
5,baseline,20,4,0.735000
5,baseline,20,5,0.740000
5,baseline,20,6,0.730000
5,baseline,20,7,0.740000
5,baseline,20,8,0.735000
5,baseline,20,9,0.740000
5,baseline,20,10,0.735000
5,baseline,20,11,0.740000
5,baseline,20,12,0.735000
5,baseline,20,13,0.740000
5,baseline,20,14,0.735000
5,baseline,20,15,0.740000
5,baseline,20,16,0.735000
5,baseline,20,17,0.740000
5,baseline,20,18,0.735000
5,baseline,20,19,0.740000
5,baseline,20,20,0.735000
5,group_a,20,1,0.745000
5,group_a,20,2,0.745000
5,group_a,20,3,0.745000
5,group_a,20,4,0.745000
5,group_a,20,5,0.745000
5,group_a,20,6,0.745000
5,group_a,20,7,0.745000
5,group_a,20,8,0.745000
5,group_a,20,9,0.745000
5,group_a,20,10,0.745000
5,group_a,20,11,0.745000
5,group_a,20,12,0.745000
5,group_a,20,13,0.745000
5,group_a,20,14,0.745000
5,group_a,20,15,0.745000
5,group_a,20,16,0.745000
5,group_a,20,17,0.745000
5,group_a,20,18,0.745000
5,group_a,20,19,0.745000
5,group_a,20,20,0.745000
5,group_c1,20,1,0.745000
5,group_c1,20,2,0.684833
5,group_c1,20,3,0.682833
5,group_c1,20,4,0.674833
5,group_c1,20,5,0.677167
5,group_c1,20,6,0.677167
5,group_c1,20,7,0.682500
5,group_c1,20,8,0.673500
5,group_c1,20,9,0.688833
5,group_c1,20,10,0.670833
5,group_c1,20,11,0.685667
5,group_c1,20,12,0.679000
5,group_c1,20,13,0.679333
5,group_c1,20,14,0.677833
5,group_c1,20,15,0.673333
5,group_c1,20,16,0.686667
5,group_c1,20,17,0.684000
5,group_c1,20,18,0.680167
5,group_c1,20,19,0.679000
5,group_c1,20,20,0.682167
5,group_c2,20,1,0.745000
5,group_c2,20,2,0.765000
5,group_c2,20,3,0.760000
5,group_c2,20,4,0.745000
5,group_c2,20,5,0.750000
5,group_c2,20,6,0.755000
5,group_c2,20,7,0.770000
5,group_c2,20,8,0.765000
5,group_c2,20,9,0.765000
5,group_c2,20,10,0.765000
5,group_c2,20,11,0.760000
5,group_c2,20,12,0.760000
5,group_c2,20,13,0.760000
5,group_c2,20,14,0.760000
5,group_c2,20,15,0.765000
5,group_c2,20,16,0.765000
5,group_c2,20,17,0.765000
5,group_c2,20,18,0.765000
5,group_c2,20,19,0.765000
5,group_c2,20,20,0.765000
6,baseline,3,1,0.665000
6,baseline,3,2,0.610000
6,baseline,3,3,0.600000
6,group_a,3,1,0.665000
6,group_a,3,2,0.665000
6,group_a,3,3,0.665000
6,group_c1,3,1,0.665000
6,group_c1,3,2,0.602500
6,group_c1,3,3,0.592667
6,group_c2,3,1,0.665000
6,group_c2,3,2,0.585000
6,group_c2,3,3,0.570000
6,baseline,5,1,0.665000
6,baseline,5,2,0.610000
6,baseline,5,3,0.600000
6,baseline,5,4,0.595000
6,baseline,5,5,0.605000
6,group_a,5,1,0.665000
6,group_a,5,2,0.665000
6,group_a,5,3,0.665000
6,group_a,5,4,0.665000
6,group_a,5,5,0.665000
6,group_c1,5,1,0.665000
6,group_c1,5,2,0.616167
6,group_c1,5,3,0.605500
6,group_c1,5,4,0.604667
6,group_c1,5,5,0.603000
6,group_c2,5,1,0.665000
6,group_c2,5,2,0.585000
6,group_c2,5,3,0.570000
6,group_c2,5,4,0.555000
6,group_c2,5,5,0.555000
6,baseline,7,1,0.665000
6,baseline,7,2,0.610000
6,baseline,7,3,0.600000
6,baseline,7,4,0.595000
6,baseline,7,5,0.605000
6,baseline,7,6,0.610000
6,baseline,7,7,0.605000
6,group_a,7,1,0.665000
6,group_a,7,2,0.665000
6,group_a,7,3,0.665000
6,group_a,7,4,0.665000
6,group_a,7,5,0.665000
6,group_a,7,6,0.665000
6,group_a,7,7,0.665000
6,group_c1,7,1,0.665000
6,group_c1,7,2,0.609000
6,group_c1,7,3,0.607667
6,group_c1,7,4,0.594000
6,group_c1,7,5,0.595333
6,group_c1,7,6,0.597333
6,group_c1,7,7,0.598833
6,group_c2,7,1,0.665000
6,group_c2,7,2,0.585000
6,group_c2,7,3,0.570000
6,group_c2,7,4,0.555000
6,group_c2,7,5,0.555000
6,group_c2,7,6,0.555000
6,group_c2,7,7,0.565000
6,baseline,10,1,0.665000
6,baseline,10,2,0.610000
6,baseline,10,3,0.600000
6,baseline,10,4,0.595000
6,baseline,10,5,0.605000
6,baseline,10,6,0.610000
6,baseline,10,7,0.605000
6,baseline,10,8,0.605000
6,baseline,10,9,0.610000
6,baseline,10,10,0.600000
6,group_a,10,1,0.665000
6,group_a,10,2,0.665000
6,group_a,10,3,0.665000
6,group_a,10,4,0.665000
6,group_a,10,5,0.665000
6,group_a,10,6,0.665000
6,group_a,10,7,0.665000
6,group_a,10,8,0.665000
6,group_a,10,9,0.665000
6,group_a,10,10,0.665000
6,group_c1,10,1,0.665000
6,group_c1,10,2,0.611667
6,group_c1,10,3,0.596167
6,group_c1,10,4,0.603167
6,group_c1,10,5,0.603333
6,group_c1,10,6,0.598500
6,group_c1,10,7,0.601167
6,group_c1,10,8,0.601833
6,group_c1,10,9,0.592833
6,group_c1,10,10,0.591833
6,group_c2,10,1,0.665000
6,group_c2,10,2,0.585000
6,group_c2,10,3,0.570000
6,group_c2,10,4,0.555000
6,group_c2,10,5,0.555000
6,group_c2,10,6,0.555000
6,group_c2,10,7,0.565000
6,group_c2,10,8,0.560000
6,group_c2,10,9,0.560000
6,group_c2,10,10,0.560000
6,baseline,15,1,0.665000
6,baseline,15,2,0.610000
6,baseline,15,3,0.600000
6,baseline,15,4,0.595000
6,baseline,15,5,0.605000
6,baseline,15,6,0.610000
6,baseline,15,7,0.605000
6,baseline,15,8,0.605000
6,baseline,15,9,0.610000
6,baseline,15,10,0.600000
6,baseline,15,11,0.600000
6,baseline,15,12,0.600000
6,baseline,15,13,0.595000
6,baseline,15,14,0.595000
6,baseline,15,15,0.595000
6,group_a,15,1,0.665000
6,group_a,15,2,0.665000
6,group_a,15,3,0.665000
6,group_a,15,4,0.665000
6,group_a,15,5,0.665000
6,group_a,15,6,0.665000
6,group_a,15,7,0.665000
6,group_a,15,8,0.665000
6,group_a,15,9,0.665000
6,group_a,15,10,0.665000
6,group_a,15,11,0.665000
6,group_a,15,12,0.665000
6,group_a,15,13,0.665000
6,group_a,15,14,0.665000
6,group_a,15,15,0.665000
6,group_c1,15,1,0.665000
6,group_c1,15,2,0.607667
6,group_c1,15,3,0.605833
6,group_c1,15,4,0.595500
6,group_c1,15,5,0.593167
6,group_c1,15,6,0.598500
6,group_c1,15,7,0.592000
6,group_c1,15,8,0.594500
6,group_c1,15,9,0.607833
6,group_c1,15,10,0.595500
6,group_c1,15,11,0.593667
6,group_c1,15,12,0.599833
6,group_c1,15,13,0.596000
6,group_c1,15,14,0.591333
6,group_c1,15,15,0.606000
6,group_c2,15,1,0.665000
6,group_c2,15,2,0.585000
6,group_c2,15,3,0.570000
6,group_c2,15,4,0.555000
6,group_c2,15,5,0.555000
6,group_c2,15,6,0.555000
6,group_c2,15,7,0.565000
6,group_c2,15,8,0.560000
6,group_c2,15,9,0.560000
6,group_c2,15,10,0.560000
6,group_c2,15,11,0.560000
6,group_c2,15,12,0.560000
6,group_c2,15,13,0.560000
6,group_c2,15,14,0.560000
6,group_c2,15,15,0.560000
6,baseline,20,1,0.665000
6,baseline,20,2,0.610000
6,baseline,20,3,0.600000
6,baseline,20,4,0.595000
6,baseline,20,5,0.605000
6,baseline,20,6,0.610000
6,baseline,20,7,0.605000
6,baseline,20,8,0.605000
6,baseline,20,9,0.610000
6,baseline,20,10,0.600000
6,baseline,20,11,0.600000
6,baseline,20,12,0.600000
6,baseline,20,13,0.595000
6,baseline,20,14,0.595000
6,baseline,20,15,0.595000
6,baseline,20,16,0.595000
6,baseline,20,17,0.600000
6,baseline,20,18,0.600000
6,baseline,20,19,0.600000
6,baseline,20,20,0.600000
6,group_a,20,1,0.665000
6,group_a,20,2,0.665000
6,group_a,20,3,0.665000
6,group_a,20,4,0.665000
6,group_a,20,5,0.665000
6,group_a,20,6,0.665000
6,group_a,20,7,0.665000
6,group_a,20,8,0.665000
6,group_a,20,9,0.665000
6,group_a,20,10,0.665000
6,group_a,20,11,0.665000
6,group_a,20,12,0.665000
6,group_a,20,13,0.665000
6,group_a,20,14,0.665000
6,group_a,20,15,0.665000
6,group_a,20,16,0.665000
6,group_a,20,17,0.665000
6,group_a,20,18,0.665000
6,group_a,20,19,0.665000
6,group_a,20,20,0.665000
6,group_c1,20,1,0.665000
6,group_c1,20,2,0.607833
6,group_c1,20,3,0.603333
6,group_c1,20,4,0.592500
6,group_c1,20,5,0.595667
6,group_c1,20,6,0.604000
6,group_c1,20,7,0.604833
6,group_c1,20,8,0.594833
6,group_c1,20,9,0.601333
6,group_c1,20,10,0.595833
6,group_c1,20,11,0.594333
6,group_c1,20,12,0.597333
6,group_c1,20,13,0.597667
6,group_c1,20,14,0.596833
6,group_c1,20,15,0.598333
6,group_c1,20,16,0.597667
6,group_c1,20,17,0.602000
6,group_c1,20,18,0.604833
6,group_c1,20,19,0.596000
6,group_c1,20,20,0.595833
6,group_c2,20,1,0.665000
6,group_c2,20,2,0.585000
6,group_c2,20,3,0.570000
6,group_c2,20,4,0.555000
6,group_c2,20,5,0.555000
6,group_c2,20,6,0.555000
6,group_c2,20,7,0.565000
6,group_c2,20,8,0.560000
6,group_c2,20,9,0.560000
6,group_c2,20,10,0.560000
6,group_c2,20,11,0.560000
6,group_c2,20,12,0.560000
6,group_c2,20,13,0.560000
6,group_c2,20,14,0.560000
6,group_c2,20,15,0.560000
6,group_c2,20,16,0.560000
6,group_c2,20,17,0.560000
6,group_c2,20,18,0.560000
6,group_c2,20,19,0.560000
6,group_c2,20,20,0.560000
7,baseline,3,1,0.700000
7,baseline,3,2,0.725000
7,baseline,3,3,0.730000
7,group_a,3,1,0.700000
7,group_a,3,2,0.700000
7,group_a,3,3,0.700000
7,group_c1,3,1,0.700000
7,group_c1,3,2,0.631333
7,group_c1,3,3,0.610000
7,group_c2,3,1,0.700000
7,group_c2,3,2,0.670000
7,group_c2,3,3,0.605000
7,baseline,5,1,0.700000
7,baseline,5,2,0.725000
7,baseline,5,3,0.730000
7,baseline,5,4,0.735000
7,baseline,5,5,0.730000
7,group_a,5,1,0.700000
7,group_a,5,2,0.700000
7,group_a,5,3,0.700000
7,group_a,5,4,0.700000
7,group_a,5,5,0.700000
7,group_c1,5,1,0.700000
7,group_c1,5,2,0.636500
7,group_c1,5,3,0.620833
7,group_c1,5,4,0.625500
7,group_c1,5,5,0.617833
7,group_c2,5,1,0.700000
7,group_c2,5,2,0.670000
7,group_c2,5,3,0.605000
7,group_c2,5,4,0.610000
7,group_c2,5,5,0.620000
7,baseline,7,1,0.700000
7,baseline,7,2,0.725000
7,baseline,7,3,0.730000
7,baseline,7,4,0.735000
7,baseline,7,5,0.730000
7,baseline,7,6,0.735000
7,baseline,7,7,0.725000
7,group_a,7,1,0.700000
7,group_a,7,2,0.700000
7,group_a,7,3,0.700000
7,group_a,7,4,0.700000
7,group_a,7,5,0.700000
7,group_a,7,6,0.700000
7,group_a,7,7,0.700000
7,group_c1,7,1,0.700000
7,group_c1,7,2,0.626333
7,group_c1,7,3,0.611000
7,group_c1,7,4,0.612167
7,group_c1,7,5,0.622667
7,group_c1,7,6,0.616667
7,group_c1,7,7,0.610000
7,group_c2,7,1,0.700000
7,group_c2,7,2,0.670000
7,group_c2,7,3,0.605000
7,group_c2,7,4,0.610000
7,group_c2,7,5,0.620000
7,group_c2,7,6,0.620000
7,group_c2,7,7,0.620000
7,baseline,10,1,0.700000
7,baseline,10,2,0.725000
7,baseline,10,3,0.730000
7,baseline,10,4,0.735000
7,baseline,10,5,0.730000
7,baseline,10,6,0.735000
7,baseline,10,7,0.725000
7,baseline,10,8,0.725000
7,baseline,10,9,0.725000
7,baseline,10,10,0.725000
7,group_a,10,1,0.700000
7,group_a,10,2,0.700000
7,group_a,10,3,0.700000
7,group_a,10,4,0.700000
7,group_a,10,5,0.700000
7,group_a,10,6,0.700000
7,group_a,10,7,0.700000
7,group_a,10,8,0.700000
7,group_a,10,9,0.700000
7,group_a,10,10,0.700000
7,group_c1,10,1,0.700000
7,group_c1,10,2,0.631833
7,group_c1,10,3,0.623500
7,group_c1,10,4,0.615500
7,group_c1,10,5,0.607667
7,group_c1,10,6,0.618167
7,group_c1,10,7,0.618333
7,group_c1,10,8,0.615500
7,group_c1,10,9,0.610500
7,group_c1,10,10,0.610667
7,group_c2,10,1,0.700000
7,group_c2,10,2,0.670000
7,group_c2,10,3,0.605000
7,group_c2,10,4,0.610000
7,group_c2,10,5,0.620000
7,group_c2,10,6,0.620000
7,group_c2,10,7,0.620000
7,group_c2,10,8,0.620000
7,group_c2,10,9,0.615000
7,group_c2,10,10,0.615000
7,baseline,15,1,0.700000
7,baseline,15,2,0.725000
7,baseline,15,3,0.730000
7,baseline,15,4,0.735000
7,baseline,15,5,0.730000
7,baseline,15,6,0.735000
7,baseline,15,7,0.725000
7,baseline,15,8,0.725000
7,baseline,15,9,0.725000
7,baseline,15,10,0.725000
7,baseline,15,11,0.725000
7,baseline,15,12,0.725000
7,baseline,15,13,0.725000
7,baseline,15,14,0.725000
7,baseline,15,15,0.725000
7,group_a,15,1,0.700000
7,group_a,15,2,0.700000
7,group_a,15,3,0.700000
7,group_a,15,4,0.700000
7,group_a,15,5,0.700000
7,group_a,15,6,0.700000
7,group_a,15,7,0.700000
7,group_a,15,8,0.700000
7,group_a,15,9,0.700000
7,group_a,15,10,0.700000
7,group_a,15,11,0.700000
7,group_a,15,12,0.700000
7,group_a,15,13,0.700000
7,group_a,15,14,0.700000
7,group_a,15,15,0.700000
7,group_c1,15,1,0.700000
7,group_c1,15,2,0.627667
7,group_c1,15,3,0.619000
7,group_c1,15,4,0.615833
7,group_c1,15,5,0.617167
7,group_c1,15,6,0.616333
7,group_c1,15,7,0.610833
7,group_c1,15,8,0.617500
7,group_c1,15,9,0.622333
7,group_c1,15,10,0.608500
7,group_c1,15,11,0.614500
7,group_c1,15,12,0.613833
7,group_c1,15,13,0.621500
7,group_c1,15,14,0.618000
7,group_c1,15,15,0.618000
7,group_c2,15,1,0.700000
7,group_c2,15,2,0.670000
7,group_c2,15,3,0.605000
7,group_c2,15,4,0.610000
7,group_c2,15,5,0.620000
7,group_c2,15,6,0.620000
7,group_c2,15,7,0.620000
7,group_c2,15,8,0.620000
7,group_c2,15,9,0.615000
7,group_c2,15,10,0.615000
7,group_c2,15,11,0.610000
7,group_c2,15,12,0.605000
7,group_c2,15,13,0.605000
7,group_c2,15,14,0.605000
7,group_c2,15,15,0.610000
7,baseline,20,1,0.700000
7,baseline,20,2,0.725000
7,baseline,20,3,0.730000
7,baseline,20,4,0.735000
7,baseline,20,5,0.730000
7,baseline,20,6,0.735000
7,baseline,20,7,0.725000
7,baseline,20,8,0.725000
7,baseline,20,9,0.725000
7,baseline,20,10,0.725000
7,baseline,20,11,0.725000
7,baseline,20,12,0.725000
7,baseline,20,13,0.725000
7,baseline,20,14,0.725000
7,baseline,20,15,0.725000
7,baseline,20,16,0.725000
7,baseline,20,17,0.725000
7,baseline,20,18,0.725000
7,baseline,20,19,0.725000
7,baseline,20,20,0.725000
7,group_a,20,1,0.700000
7,group_a,20,2,0.700000
7,group_a,20,3,0.700000
7,group_a,20,4,0.700000
7,group_a,20,5,0.700000
7,group_a,20,6,0.700000
7,group_a,20,7,0.700000
7,group_a,20,8,0.700000
7,group_a,20,9,0.700000
7,group_a,20,10,0.700000
7,group_a,20,11,0.700000
7,group_a,20,12,0.700000
7,group_a,20,13,0.700000
7,group_a,20,14,0.700000
7,group_a,20,15,0.700000
7,group_a,20,16,0.700000
7,group_a,20,17,0.700000
7,group_a,20,18,0.700000
7,group_a,20,19,0.700000
7,group_a,20,20,0.700000
7,group_c1,20,1,0.700000
7,group_c1,20,2,0.625167
7,group_c1,20,3,0.624833
7,group_c1,20,4,0.617667
7,group_c1,20,5,0.621833
7,group_c1,20,6,0.609000
7,group_c1,20,7,0.612333
7,group_c1,20,8,0.621833
7,group_c1,20,9,0.614500
7,group_c1,20,10,0.618833
7,group_c1,20,11,0.620500
7,group_c1,20,12,0.613667
7,group_c1,20,13,0.613667
7,group_c1,20,14,0.613333
7,group_c1,20,15,0.610500
7,group_c1,20,16,0.630500
7,group_c1,20,17,0.618833
7,group_c1,20,18,0.621333
7,group_c1,20,19,0.610333
7,group_c1,20,20,0.615167
7,group_c2,20,1,0.700000
7,group_c2,20,2,0.670000
7,group_c2,20,3,0.605000
7,group_c2,20,4,0.610000
7,group_c2,20,5,0.620000
7,group_c2,20,6,0.620000
7,group_c2,20,7,0.620000
7,group_c2,20,8,0.620000
7,group_c2,20,9,0.615000
7,group_c2,20,10,0.615000
7,group_c2,20,11,0.610000
7,group_c2,20,12,0.605000
7,group_c2,20,13,0.605000
7,group_c2,20,14,0.605000
7,group_c2,20,15,0.610000
7,group_c2,20,16,0.610000
7,group_c2,20,17,0.610000
7,group_c2,20,18,0.610000
7,group_c2,20,19,0.610000
7,group_c2,20,20,0.610000
8,baseline,3,1,0.675000
8,baseline,3,2,0.755000
8,baseline,3,3,0.770000
8,group_a,3,1,0.675000
8,group_a,3,2,0.675000
8,group_a,3,3,0.675000
8,group_c1,3,1,0.675000
8,group_c1,3,2,0.726333
8,group_c1,3,3,0.713167
8,group_c2,3,1,0.675000
8,group_c2,3,2,0.610000
8,group_c2,3,3,0.695000
8,baseline,5,1,0.675000
8,baseline,5,2,0.755000
8,baseline,5,3,0.770000
8,baseline,5,4,0.770000
8,baseline,5,5,0.750000
8,group_a,5,1,0.675000
8,group_a,5,2,0.675000
8,group_a,5,3,0.675000
8,group_a,5,4,0.675000
8,group_a,5,5,0.675000
8,group_c1,5,1,0.675000
8,group_c1,5,2,0.716167
8,group_c1,5,3,0.707667
8,group_c1,5,4,0.694667
8,group_c1,5,5,0.687500
8,group_c2,5,1,0.675000
8,group_c2,5,2,0.610000
8,group_c2,5,3,0.695000
8,group_c2,5,4,0.575000
8,group_c2,5,5,0.700000
8,baseline,7,1,0.675000
8,baseline,7,2,0.755000
8,baseline,7,3,0.770000
8,baseline,7,4,0.770000
8,baseline,7,5,0.750000
8,baseline,7,6,0.745000
8,baseline,7,7,0.745000
8,group_a,7,1,0.675000
8,group_a,7,2,0.675000
8,group_a,7,3,0.675000
8,group_a,7,4,0.675000
8,group_a,7,5,0.675000
8,group_a,7,6,0.675000
8,group_a,7,7,0.675000
8,group_c1,7,1,0.675000
8,group_c1,7,2,0.724000
8,group_c1,7,3,0.712333
8,group_c1,7,4,0.699333
8,group_c1,7,5,0.688667
8,group_c1,7,6,0.686333
8,group_c1,7,7,0.682833
8,group_c2,7,1,0.675000
8,group_c2,7,2,0.610000
8,group_c2,7,3,0.695000
8,group_c2,7,4,0.575000
8,group_c2,7,5,0.700000
8,group_c2,7,6,0.585000
8,group_c2,7,7,0.695000
8,baseline,10,1,0.675000
8,baseline,10,2,0.755000
8,baseline,10,3,0.770000
8,baseline,10,4,0.770000
8,baseline,10,5,0.750000
8,baseline,10,6,0.745000
8,baseline,10,7,0.745000
8,baseline,10,8,0.740000
8,baseline,10,9,0.740000
8,baseline,10,10,0.740000
8,group_a,10,1,0.675000
8,group_a,10,2,0.675000
8,group_a,10,3,0.675000
8,group_a,10,4,0.675000
8,group_a,10,5,0.675000
8,group_a,10,6,0.675000
8,group_a,10,7,0.675000
8,group_a,10,8,0.675000
8,group_a,10,9,0.675000
8,group_a,10,10,0.675000
8,group_c1,10,1,0.675000
8,group_c1,10,2,0.721833
8,group_c1,10,3,0.711000
8,group_c1,10,4,0.700000
8,group_c1,10,5,0.690167
8,group_c1,10,6,0.686000
8,group_c1,10,7,0.688500
8,group_c1,10,8,0.683000
8,group_c1,10,9,0.676667
8,group_c1,10,10,0.677667
8,group_c2,10,1,0.675000
8,group_c2,10,2,0.610000
8,group_c2,10,3,0.695000
8,group_c2,10,4,0.575000
8,group_c2,10,5,0.700000
8,group_c2,10,6,0.585000
8,group_c2,10,7,0.695000
8,group_c2,10,8,0.610000
8,group_c2,10,9,0.690000
8,group_c2,10,10,0.615000
8,baseline,15,1,0.675000
8,baseline,15,2,0.755000
8,baseline,15,3,0.770000
8,baseline,15,4,0.770000
8,baseline,15,5,0.750000
8,baseline,15,6,0.745000
8,baseline,15,7,0.745000
8,baseline,15,8,0.740000
8,baseline,15,9,0.740000
8,baseline,15,10,0.740000
8,baseline,15,11,0.740000
8,baseline,15,12,0.740000
8,baseline,15,13,0.740000
8,baseline,15,14,0.745000
8,baseline,15,15,0.745000
8,group_a,15,1,0.675000
8,group_a,15,2,0.675000
8,group_a,15,3,0.675000
8,group_a,15,4,0.675000
8,group_a,15,5,0.675000
8,group_a,15,6,0.675000
8,group_a,15,7,0.675000
8,group_a,15,8,0.675000
8,group_a,15,9,0.675000
8,group_a,15,10,0.675000
8,group_a,15,11,0.675000
8,group_a,15,12,0.675000
8,group_a,15,13,0.675000
8,group_a,15,14,0.675000
8,group_a,15,15,0.675000
8,group_c1,15,1,0.675000
8,group_c1,15,2,0.725667
8,group_c1,15,3,0.706333
8,group_c1,15,4,0.694333
8,group_c1,15,5,0.690500
8,group_c1,15,6,0.687667
8,group_c1,15,7,0.679333
8,group_c1,15,8,0.683833
8,group_c1,15,9,0.675500
8,group_c1,15,10,0.680167
8,group_c1,15,11,0.677667
8,group_c1,15,12,0.680333
8,group_c1,15,13,0.682333
8,group_c1,15,14,0.676833
8,group_c1,15,15,0.679333
8,group_c2,15,1,0.675000
8,group_c2,15,2,0.610000
8,group_c2,15,3,0.695000
8,group_c2,15,4,0.575000
8,group_c2,15,5,0.700000
8,group_c2,15,6,0.585000
8,group_c2,15,7,0.695000
8,group_c2,15,8,0.610000
8,group_c2,15,9,0.690000
8,group_c2,15,10,0.615000
8,group_c2,15,11,0.675000
8,group_c2,15,12,0.615000
8,group_c2,15,13,0.675000
8,group_c2,15,14,0.615000
8,group_c2,15,15,0.675000
8,baseline,20,1,0.675000
8,baseline,20,2,0.755000
8,baseline,20,3,0.770000
8,baseline,20,4,0.770000
8,baseline,20,5,0.750000
8,baseline,20,6,0.745000
8,baseline,20,7,0.745000
8,baseline,20,8,0.740000
8,baseline,20,9,0.740000
8,baseline,20,10,0.740000
8,baseline,20,11,0.740000
8,baseline,20,12,0.740000
8,baseline,20,13,0.740000
8,baseline,20,14,0.745000
8,baseline,20,15,0.745000
8,baseline,20,16,0.745000
8,baseline,20,17,0.745000
8,baseline,20,18,0.745000
8,baseline,20,19,0.745000
8,baseline,20,20,0.740000
8,group_a,20,1,0.675000
8,group_a,20,2,0.675000
8,group_a,20,3,0.675000
8,group_a,20,4,0.675000
8,group_a,20,5,0.675000
8,group_a,20,6,0.675000
8,group_a,20,7,0.675000
8,group_a,20,8,0.675000
8,group_a,20,9,0.675000
8,group_a,20,10,0.675000
8,group_a,20,11,0.675000
8,group_a,20,12,0.675000
8,group_a,20,13,0.675000
8,group_a,20,14,0.675000
8,group_a,20,15,0.675000
8,group_a,20,16,0.675000
8,group_a,20,17,0.675000
8,group_a,20,18,0.675000
8,group_a,20,19,0.675000
8,group_a,20,20,0.675000
8,group_c1,20,1,0.675000
8,group_c1,20,2,0.724667
8,group_c1,20,3,0.705833
8,group_c1,20,4,0.696000
8,group_c1,20,5,0.693333
8,group_c1,20,6,0.689333
8,group_c1,20,7,0.676333
8,group_c1,20,8,0.689333
8,group_c1,20,9,0.681667
8,group_c1,20,10,0.681333
8,group_c1,20,11,0.679667
8,group_c1,20,12,0.677833
8,group_c1,20,13,0.680833
8,group_c1,20,14,0.683000
8,group_c1,20,15,0.680167
8,group_c1,20,16,0.680500
8,group_c1,20,17,0.677500
8,group_c1,20,18,0.683167
8,group_c1,20,19,0.684500
8,group_c1,20,20,0.685333
8,group_c2,20,1,0.675000
8,group_c2,20,2,0.610000
8,group_c2,20,3,0.695000
8,group_c2,20,4,0.575000
8,group_c2,20,5,0.700000
8,group_c2,20,6,0.585000
8,group_c2,20,7,0.695000
8,group_c2,20,8,0.610000
8,group_c2,20,9,0.690000
8,group_c2,20,10,0.615000
8,group_c2,20,11,0.675000
8,group_c2,20,12,0.615000
8,group_c2,20,13,0.675000
8,group_c2,20,14,0.615000
8,group_c2,20,15,0.675000
8,group_c2,20,16,0.620000
8,group_c2,20,17,0.675000
8,group_c2,20,18,0.620000
8,group_c2,20,19,0.670000
8,group_c2,20,20,0.620000
9,baseline,3,1,0.750000
9,baseline,3,2,0.755000
9,baseline,3,3,0.755000
9,group_a,3,1,0.750000
9,group_a,3,2,0.750000
9,group_a,3,3,0.750000
9,group_c1,3,1,0.750000
9,group_c1,3,2,0.704833
9,group_c1,3,3,0.714333
9,group_c2,3,1,0.750000
9,group_c2,3,2,0.680000
9,group_c2,3,3,0.675000
9,baseline,5,1,0.750000
9,baseline,5,2,0.755000
9,baseline,5,3,0.755000
9,baseline,5,4,0.755000
9,baseline,5,5,0.755000
9,group_a,5,1,0.750000
9,group_a,5,2,0.750000
9,group_a,5,3,0.750000
9,group_a,5,4,0.750000
9,group_a,5,5,0.750000
9,group_c1,5,1,0.750000
9,group_c1,5,2,0.708000
9,group_c1,5,3,0.711833
9,group_c1,5,4,0.706833
9,group_c1,5,5,0.705500
9,group_c2,5,1,0.750000
9,group_c2,5,2,0.680000
9,group_c2,5,3,0.675000
9,group_c2,5,4,0.660000
9,group_c2,5,5,0.670000
9,baseline,7,1,0.750000
9,baseline,7,2,0.755000
9,baseline,7,3,0.755000
9,baseline,7,4,0.755000
9,baseline,7,5,0.755000
9,baseline,7,6,0.745000
9,baseline,7,7,0.735000
9,group_a,7,1,0.750000
9,group_a,7,2,0.750000
9,group_a,7,3,0.750000
9,group_a,7,4,0.750000
9,group_a,7,5,0.750000
9,group_a,7,6,0.750000
9,group_a,7,7,0.750000
9,group_c1,7,1,0.750000
9,group_c1,7,2,0.710167
9,group_c1,7,3,0.707000
9,group_c1,7,4,0.701333
9,group_c1,7,5,0.696000
9,group_c1,7,6,0.702167
9,group_c1,7,7,0.706000
9,group_c2,7,1,0.750000
9,group_c2,7,2,0.680000
9,group_c2,7,3,0.675000
9,group_c2,7,4,0.660000
9,group_c2,7,5,0.670000
9,group_c2,7,6,0.665000
9,group_c2,7,7,0.660000
9,baseline,10,1,0.750000
9,baseline,10,2,0.755000
9,baseline,10,3,0.755000
9,baseline,10,4,0.755000
9,baseline,10,5,0.755000
9,baseline,10,6,0.745000
9,baseline,10,7,0.735000
9,baseline,10,8,0.730000
9,baseline,10,9,0.735000
9,baseline,10,10,0.735000
9,group_a,10,1,0.750000
9,group_a,10,2,0.750000
9,group_a,10,3,0.750000
9,group_a,10,4,0.750000
9,group_a,10,5,0.750000
9,group_a,10,6,0.750000
9,group_a,10,7,0.750000
9,group_a,10,8,0.750000
9,group_a,10,9,0.750000
9,group_a,10,10,0.750000
9,group_c1,10,1,0.750000
9,group_c1,10,2,0.702833
9,group_c1,10,3,0.706333
9,group_c1,10,4,0.702333
9,group_c1,10,5,0.710500
9,group_c1,10,6,0.703333
9,group_c1,10,7,0.704833
9,group_c1,10,8,0.706833
9,group_c1,10,9,0.703667
9,group_c1,10,10,0.699667
9,group_c2,10,1,0.750000
9,group_c2,10,2,0.680000
9,group_c2,10,3,0.675000
9,group_c2,10,4,0.660000
9,group_c2,10,5,0.670000
9,group_c2,10,6,0.665000
9,group_c2,10,7,0.660000
9,group_c2,10,8,0.660000
9,group_c2,10,9,0.660000
9,group_c2,10,10,0.660000
9,baseline,15,1,0.750000
9,baseline,15,2,0.755000
9,baseline,15,3,0.755000
9,baseline,15,4,0.755000
9,baseline,15,5,0.755000
9,baseline,15,6,0.745000
9,baseline,15,7,0.735000
9,baseline,15,8,0.730000
9,baseline,15,9,0.735000
9,baseline,15,10,0.735000
9,baseline,15,11,0.730000
9,baseline,15,12,0.730000
9,baseline,15,13,0.730000
9,baseline,15,14,0.725000
9,baseline,15,15,0.725000
9,group_a,15,1,0.750000
9,group_a,15,2,0.750000
9,group_a,15,3,0.750000
9,group_a,15,4,0.750000
9,group_a,15,5,0.750000
9,group_a,15,6,0.750000
9,group_a,15,7,0.750000
9,group_a,15,8,0.750000
9,group_a,15,9,0.750000
9,group_a,15,10,0.750000
9,group_a,15,11,0.750000
9,group_a,15,12,0.750000
9,group_a,15,13,0.750000
9,group_a,15,14,0.750000
9,group_a,15,15,0.750000
9,group_c1,15,1,0.750000
9,group_c1,15,2,0.697000
9,group_c1,15,3,0.705500
9,group_c1,15,4,0.707833
9,group_c1,15,5,0.705000
9,group_c1,15,6,0.707833
9,group_c1,15,7,0.704333
9,group_c1,15,8,0.707333
9,group_c1,15,9,0.701833
9,group_c1,15,10,0.703667
9,group_c1,15,11,0.700167
9,group_c1,15,12,0.707833
9,group_c1,15,13,0.707500
9,group_c1,15,14,0.703833
9,group_c1,15,15,0.704667
9,group_c2,15,1,0.750000
9,group_c2,15,2,0.680000
9,group_c2,15,3,0.675000
9,group_c2,15,4,0.660000
9,group_c2,15,5,0.670000
9,group_c2,15,6,0.665000
9,group_c2,15,7,0.660000
9,group_c2,15,8,0.660000
9,group_c2,15,9,0.660000
9,group_c2,15,10,0.660000
9,group_c2,15,11,0.660000
9,group_c2,15,12,0.660000
9,group_c2,15,13,0.660000
9,group_c2,15,14,0.660000
9,group_c2,15,15,0.660000
9,baseline,20,1,0.750000
9,baseline,20,2,0.755000
9,baseline,20,3,0.755000
9,baseline,20,4,0.755000
9,baseline,20,5,0.755000
9,baseline,20,6,0.745000
9,baseline,20,7,0.735000
9,baseline,20,8,0.730000
9,baseline,20,9,0.735000
9,baseline,20,10,0.735000
9,baseline,20,11,0.730000
9,baseline,20,12,0.730000
9,baseline,20,13,0.730000
9,baseline,20,14,0.725000
9,baseline,20,15,0.725000
9,baseline,20,16,0.725000
9,baseline,20,17,0.725000
9,baseline,20,18,0.725000
9,baseline,20,19,0.725000
9,baseline,20,20,0.725000
9,group_a,20,1,0.750000
9,group_a,20,2,0.750000
9,group_a,20,3,0.750000
9,group_a,20,4,0.750000
9,group_a,20,5,0.750000
9,group_a,20,6,0.750000
9,group_a,20,7,0.750000
9,group_a,20,8,0.750000
9,group_a,20,9,0.750000
9,group_a,20,10,0.750000
9,group_a,20,11,0.750000
9,group_a,20,12,0.750000
9,group_a,20,13,0.750000
9,group_a,20,14,0.750000
9,group_a,20,15,0.750000
9,group_a,20,16,0.750000
9,group_a,20,17,0.750000
9,group_a,20,18,0.750000
9,group_a,20,19,0.750000
9,group_a,20,20,0.750000
9,group_c1,20,1,0.750000
9,group_c1,20,2,0.702333
9,group_c1,20,3,0.705500
9,group_c1,20,4,0.705833
9,group_c1,20,5,0.705000
9,group_c1,20,6,0.703667
9,group_c1,20,7,0.704167
9,group_c1,20,8,0.707167
9,group_c1,20,9,0.698667
9,group_c1,20,10,0.700833
9,group_c1,20,11,0.703000
9,group_c1,20,12,0.704333
9,group_c1,20,13,0.701500
9,group_c1,20,14,0.699167
9,group_c1,20,15,0.701833
9,group_c1,20,16,0.706333
9,group_c1,20,17,0.708333
9,group_c1,20,18,0.707000
9,group_c1,20,19,0.704500
9,group_c1,20,20,0.709500
9,group_c2,20,1,0.750000
9,group_c2,20,2,0.680000
9,group_c2,20,3,0.675000
9,group_c2,20,4,0.660000
9,group_c2,20,5,0.670000
9,group_c2,20,6,0.665000
9,group_c2,20,7,0.660000
9,group_c2,20,8,0.660000
9,group_c2,20,9,0.660000
9,group_c2,20,10,0.660000
9,group_c2,20,11,0.660000
9,group_c2,20,12,0.660000
9,group_c2,20,13,0.660000
9,group_c2,20,14,0.660000
9,group_c2,20,15,0.660000
9,group_c2,20,16,0.660000
9,group_c2,20,17,0.660000
9,group_c2,20,18,0.660000
9,group_c2,20,19,0.660000
9,group_c2,20,20,0.660000
